INTERVALSTARTTIME_GMT,LMP,MCC,MCE,MCL,MGHG
2022-02-01T08:00:00-00:00,49.28961,0.0,49.9287,-0.63909,0.0
2022-02-01T09:00:00-00:00,48.1962,0.0,49.02472,-0.82852,0.0
2022-02-01T10:00:00-00:00,47.50251,0.0,48.35354,-0.85102,0.0
2022-02-01T11:00:00-00:00,47.67929,0.0,48.59283,-0.91355,0.0
2022-02-01T12:00:00-00:00,47.84331,0.0,49.02984,-1.18652,0.0
2022-02-01T13:00:00-00:00,53.08863,0.0,54.03423,-0.9456,0.0
2022-02-01T14:00:00-00:00,71.90559,-0.09441,72.0,0.0,0.0
2022-02-01T15:00:00-00:00,74.45352,-0.17648,74.63,0.0,0.0
2022-02-01T16:00:00-00:00,56.41625,0.00353,56.41272,0.0,0.0
2022-02-01T17:00:00-00:00,47.79835,0.4522,48.22382,-0.87767,0.0
2022-02-01T18:00:00-00:00,43.08228,0.73807,42.75466,-0.41044,0.0
2022-02-01T19:00:00-00:00,36.90128,0.25935,37.20748,-0.56555,0.0
2022-02-01T20:00:00-00:00,33.21973,0.53157,33.11199,-0.42383,0.0
2022-02-01T21:00:00-00:00,30.7015,0.40684,30.69368,-0.39902,0.0
2022-02-01T22:00:00-00:00,32.97163,-0.68616,34.14608,-0.48829,0.0
2022-02-01T23:00:00-00:00,43.47827,0.0,44.28424,-0.80597,0.0
2022-02-02T00:00:00-00:00,58.77697,0.0,60.65735,-1.88038,0.0
2022-02-02T01:00:00-00:00,78.115,-0.38406,78.49907,0.0,0.0
2022-02-02T02:00:00-00:00,77.5889,-0.11711,77.70601,0.0,0.0
2022-02-02T03:00:00-00:00,70.33787,0.0,72.74576,-2.40788,0.0
2022-02-02T04:00:00-00:00,69.3638,0.0,71.33258,-1.96878,0.0
2022-02-02T05:00:00-00:00,63.33986,0.0,65.5828,-2.24293,0.0
2022-02-02T06:00:00-00:00,51.98233,0.0,53.97397,-1.99164,0.0
2022-02-02T07:00:00-00:00,50.89861,0.0,52.81034,-1.91173,0.0
2022-02-02T08:00:00-00:00,57.69631,0.0,59.31563,-1.61932,0.0
2022-02-02T09:00:00-00:00,56.25792,0.0,58.38912,-2.1312,0.0
2022-02-02T10:00:00-00:00,55.63604,0.0,57.84574,-2.20971,0.0
2022-02-02T11:00:00-00:00,55.60461,0.0,58.04239,-2.43778,0.0
2022-02-02T12:00:00-00:00,57.29696,0.0,59.7715,-2.47454,0.0
2022-02-02T13:00:00-00:00,64.38572,0.0,67.52567,-3.13994,0.0
2022-02-02T14:00:00-00:00,83.41,0.0,86.84019,-3.43019,0.0
2022-02-02T15:00:00-00:00,86.85438,-0.3235,89.99471,-2.81683,0.0
2022-02-02T16:00:00-00:00,55.78946,-0.07054,55.86,0.0,0.0
2022-02-02T17:00:00-00:00,44.61932,-0.03989,44.65921,0.0,0.0
2022-02-02T18:00:00-00:00,39.22077,0.0,39.42578,-0.20501,0.0
2022-02-02T19:00:00-00:00,32.94987,0.0,33.14543,-0.19556,0.0
2022-02-02T20:00:00-00:00,25.929,0.0,25.90309,0.0259,0.0
2022-02-02T21:00:00-00:00,26.05831,0.0,26.21297,-0.15466,0.0
2022-02-02T22:00:00-00:00,27.88321,0.0,28.07129,-0.18808,0.0
2022-02-02T23:00:00-00:00,41.97101,0.0,42.50229,-0.53128,0.0
2022-02-03T00:00:00-00:00,67.45634,0.0,69.44239,-1.98605,0.0
2022-02-03T01:00:00-00:00,83.37432,0.01373,83.36059,0.0,0.0
2022-02-03T02:00:00-00:00,95.8022,-0.0378,95.84,0.0,0.0
2022-02-03T03:00:00-00:00,83.3391,0.0,86.17423,-2.83513,0.0
2022-02-03T04:00:00-00:00,77.03327,0.0,79.81896,-2.78568,0.0
2022-02-03T05:00:00-00:00,70.87805,0.0,73.93913,-3.06108,0.0
2022-02-03T06:00:00-00:00,59.16,0.0,61.72144,-2.56144,0.0
2022-02-03T07:00:00-00:00,55.81758,0.0,58.39881,-2.58123,0.0
2022-02-03T08:00:00-00:00,63.79573,0.0,65.73491,-1.93918,0.0
2022-02-03T09:00:00-00:00,62.69739,0.0,65.04553,-2.34814,0.0
2022-02-03T10:00:00-00:00,61.65213,0.0,64.04085,-2.38872,0.0
2022-02-03T11:00:00-00:00,62.05891,0.0,64.19665,-2.13775,0.0
2022-02-03T12:00:00-00:00,64.71721,0.0,66.84972,-2.13251,0.0
2022-02-03T13:00:00-00:00,72.03181,0.0,74.55937,-2.52756,0.0
2022-02-03T14:00:00-00:00,104.04107,0.0,108.22956,-4.18848,0.0
2022-02-03T15:00:00-00:00,88.90747,0.0,91.10305,-2.19558,0.0
2022-02-03T16:00:00-00:00,65.77216,0.0,67.16243,-1.39026,0.0
2022-02-03T17:00:00-00:00,50.1095,0.0,50.53908,-0.42958,0.0
2022-02-03T18:00:00-00:00,46.52596,0.0,46.8681,-0.34214,0.0
2022-02-03T19:00:00-00:00,37.29037,0.0,37.70131,-0.41094,0.0
2022-02-03T20:00:00-00:00,36.56984,0.0,37.00278,-0.43293,0.0
2022-02-03T21:00:00-00:00,35.54,0.0,35.93892,-0.39892,0.0
2022-02-03T22:00:00-00:00,37.83113,0.0,38.09014,-0.25901,0.0
2022-02-03T23:00:00-00:00,52.51767,0.0,53.584,-1.06632,0.0
2022-02-04T00:00:00-00:00,74.69217,0.0,77.79624,-3.10407,0.0
2022-02-04T01:00:00-00:00,99.44794,0.0,103.79704,-4.3491,0.0
2022-02-04T02:00:00-00:00,113.24086,-0.12914,113.37,0.0,0.0
2022-02-04T03:00:00-00:00,96.58389,0.0,100.74465,-4.16075,0.0
2022-02-04T04:00:00-00:00,93.68765,0.0,97.27717,-3.58953,0.0
2022-02-04T05:00:00-00:00,85.6239,0.0,89.01538,-3.39149,0.0
2022-02-04T06:00:00-00:00,73.87715,0.0,76.9073,-3.03015,0.0
2022-02-04T07:00:00-00:00,69.55927,0.0,72.48778,-2.92851,0.0
2022-02-04T08:00:00-00:00,56.1479,-0.01534,58.22438,-2.06114,0.0
2022-02-04T09:00:00-00:00,54.60147,0.0,56.72291,-2.12144,0.0
2022-02-04T10:00:00-00:00,53.14001,-0.00863,55.31707,-2.16843,0.0
2022-02-04T11:00:00-00:00,52.24952,-0.00365,54.24956,-1.99638,0.0
2022-02-04T12:00:00-00:00,56.02777,0.0,58.08997,-2.06219,0.0
2022-02-04T13:00:00-00:00,69.37549,0.0,72.07843,-2.70294,0.0
2022-02-04T14:00:00-00:00,89.06664,-0.0388,92.59632,-3.49088,0.0
2022-02-04T15:00:00-00:00,73.18215,-0.0209,75.01849,-1.81545,0.0
2022-02-04T16:00:00-00:00,55.00706,-0.02095,56.09952,-1.0715,0.0
2022-02-04T17:00:00-00:00,42.67956,-0.00171,43.0168,-0.33553,0.0
2022-02-04T18:00:00-00:00,38.143,-0.00164,38.21342,-0.06878,0.0
2022-02-04T19:00:00-00:00,30.79836,-0.00142,31.03253,-0.23274,0.0
2022-02-04T20:00:00-00:00,26.573,0.0,26.74686,-0.17385,0.0
2022-02-04T21:00:00-00:00,25.29299,0.0,25.52269,-0.2297,0.0
2022-02-04T22:00:00-00:00,27.48663,0.0,27.71388,-0.22725,0.0
2022-02-04T23:00:00-00:00,39.73654,0.0,40.19882,-0.46229,0.0
2022-02-05T00:00:00-00:00,61.90756,-0.06014,64.26851,-2.30081,0.0
2022-02-05T01:00:00-00:00,84.03251,0.0,87.51563,-3.48312,0.0
2022-02-05T02:00:00-00:00,87.54217,0.0,91.30389,-3.76172,0.0
2022-02-05T03:00:00-00:00,78.53485,0.0,81.98648,-3.45163,0.0
2022-02-05T04:00:00-00:00,75.61241,0.0,78.95209,-3.33967,0.0
2022-02-05T05:00:00-00:00,71.44426,0.0,74.85777,-3.41351,0.0
2022-02-05T06:00:00-00:00,62.62037,0.0,65.51619,-2.89582,0.0
2022-02-05T07:00:00-00:00,57.35032,0.0,59.86463,-2.51431,0.0
2022-02-05T08:00:00-00:00,52.85638,0.0,54.46865,-1.61227,0.0
2022-02-05T09:00:00-00:00,51.26359,0.0,52.68612,-1.42253,0.0
2022-02-05T10:00:00-00:00,49.4628,0.0,50.70508,-1.24227,0.0
2022-02-05T11:00:00-00:00,49.48029,0.0,50.76984,-1.28955,0.0
2022-02-05T12:00:00-00:00,51.89173,0.0,53.29882,-1.40709,0.0
2022-02-05T13:00:00-00:00,55.28124,0.0,56.85615,-1.57492,0.0
2022-02-05T14:00:00-00:00,70.39827,0.0,72.22558,-1.82731,0.0
2022-02-05T15:00:00-00:00,53.33161,0.0,53.7238,-0.39218,0.0
2022-02-05T16:00:00-00:00,43.21307,0.0,42.44899,0.76408,0.0
2022-02-05T17:00:00-00:00,25.0,4.15595,20.38936,0.45468,0.0
2022-02-05T18:00:00-00:00,15.20763,0.02797,14.81811,0.36156,0.0
2022-02-05T19:00:00-00:00,10.14996,0.0,9.96364,0.18632,0.0
2022-02-05T20:00:00-00:00,10.18159,0.0,10.02026,0.16133,0.0
2022-02-05T21:00:00-00:00,10.1672,0.0,10.00708,0.16011,0.0
2022-02-05T22:00:00-00:00,15.92287,0.0,15.71697,0.20589,0.0
2022-02-05T23:00:00-00:00,32.59099,0.0,32.29708,0.2939,0.0
2022-02-06T00:00:00-00:00,54.79658,0.0,55.64234,-0.84576,0.0
2022-02-06T01:00:00-00:00,71.62147,0.0,73.84418,-2.22271,0.0
2022-02-06T02:00:00-00:00,76.15777,0.0,78.35967,-2.20191,0.0
2022-02-06T03:00:00-00:00,72.04391,0.0,74.25676,-2.21285,0.0
2022-02-06T04:00:00-00:00,66.62105,0.0,68.46269,-1.84165,0.0
2022-02-06T05:00:00-00:00,64.50208,0.0,66.6275,-2.12542,0.0
2022-02-06T06:00:00-00:00,57.9688,0.0,59.63255,-1.66375,0.0
2022-02-06T07:00:00-00:00,53.92639,0.0,55.46271,-1.53632,0.0
2022-02-06T08:00:00-00:00,50.95823,0.0,51.67129,-0.71306,0.0
2022-02-06T09:00:00-00:00,50.99484,0.0,51.65604,-0.6612,0.0
2022-02-06T10:00:00-00:00,49.4978,0.0,50.25667,-0.75888,0.0
2022-02-06T11:00:00-00:00,49.31615,0.0,50.03668,-0.72053,0.0
2022-02-06T12:00:00-00:00,51.04208,0.0,51.64112,-0.59904,0.0
2022-02-06T13:00:00-00:00,52.6883,0.0,53.21512,-0.52683,0.0
2022-02-06T14:00:00-00:00,57.96818,0.0,58.32395,-0.35578,0.0
2022-02-06T15:00:00-00:00,53.15475,0.0,52.7643,0.39046,0.0
2022-02-06T16:00:00-00:00,34.55453,0.0,33.60029,0.95425,0.0
2022-02-06T17:00:00-00:00,15.0,0.69166,13.85125,0.45709,0.0
2022-02-06T18:00:00-00:00,8.30121,2.14145,5.95261,0.20715,0.0
2022-02-06T19:00:00-00:00,5.75588,1.05001,4.55465,0.15121,0.0
2022-02-06T20:00:00-00:00,4.54327,0.84203,3.591,0.11024,0.0
2022-02-06T21:00:00-00:00,3.23716,0.0,3.14562,0.09154,0.0
2022-02-06T22:00:00-00:00,5.15524,0.0,5.04032,0.11492,0.0
2022-02-06T23:00:00-00:00,24.60196,0.0,24.0653,0.53666,0.0
2022-02-07T00:00:00-00:00,51.83187,0.0,52.20251,-0.37064,0.0
2022-02-07T01:00:00-00:00,71.42017,0.0,72.98198,-1.56181,0.0
2022-02-07T02:00:00-00:00,75.74649,0.0,77.5138,-1.76731,0.0
2022-02-07T03:00:00-00:00,68.11593,0.0,69.63395,-1.51802,0.0
2022-02-07T04:00:00-00:00,65.60383,0.0,67.3136,-1.70977,0.0
2022-02-07T05:00:00-00:00,62.25203,0.0,64.05189,-1.79986,0.0
2022-02-07T06:00:00-00:00,55.46,0.0,57.00483,-1.54483,0.0
2022-02-07T07:00:00-00:00,51.50271,0.0,52.65049,-1.14778,0.0
2022-02-07T08:00:00-00:00,50.54904,0.0,51.50707,-0.95803,0.0
2022-02-07T09:00:00-00:00,48.51515,0.0,49.49515,-0.98,0.0
2022-02-07T10:00:00-00:00,47.91,0.0,49.09314,-1.18314,0.0
2022-02-07T11:00:00-00:00,47.48823,0.0,48.78594,-1.29771,0.0
2022-02-07T12:00:00-00:00,49.89923,0.0,51.28917,-1.38994,0.0
2022-02-07T13:00:00-00:00,58.8313,0.0,60.52603,-1.69473,0.0
2022-02-07T14:00:00-00:00,79.0,0.0,81.54418,-2.54418,0.0
2022-02-07T15:00:00-00:00,63.35304,0.0,64.02531,-0.67227,0.0
2022-02-07T16:00:00-00:00,45.10126,0.0,45.20523,-0.10397,0.0
2022-02-07T17:00:00-00:00,32.23013,0.0,32.29148,-0.06135,0.0
2022-02-07T18:00:00-00:00,25.72436,0.0,25.72436,0.0,0.0
2022-02-07T19:00:00-00:00,20.75989,0.0,20.80149,-0.0416,0.0
2022-02-07T20:00:00-00:00,19.47,0.0,19.51293,-0.04293,0.0
2022-02-07T21:00:00-00:00,18.0916,0.0,18.14604,-0.05444,0.0
2022-02-07T22:00:00-00:00,21.75107,0.0,21.88897,-0.1379,0.0
2022-02-07T23:00:00-00:00,35.91482,0.0,36.32529,-0.41048,0.0
2022-02-08T00:00:00-00:00,57.66778,0.0,59.0435,-1.37571,0.0
2022-02-08T01:00:00-00:00,74.04777,0.0,77.1572,-3.10944,0.0
2022-02-08T02:00:00-00:00,80.13314,0.0,83.21198,-3.07884,0.0
2022-02-08T03:00:00-00:00,68.87294,0.0,71.35613,-2.48319,0.0
2022-02-08T04:00:00-00:00,67.73873,0.0,70.0504,-2.31166,0.0
2022-02-08T05:00:00-00:00,59.25691,0.0,61.55922,-2.30231,0.0
2022-02-08T06:00:00-00:00,56.78699,0.0,58.36279,-1.5758,0.0
2022-02-08T07:00:00-00:00,52.11183,0.0,53.45352,-1.34168,0.0
2022-02-08T08:00:00-00:00,46.29056,0.0,47.10069,-0.81013,0.0
2022-02-08T09:00:00-00:00,44.70066,0.0,45.52466,-0.824,0.0
2022-02-08T10:00:00-00:00,44.38066,0.0,45.16196,-0.7813,0.0
2022-02-08T11:00:00-00:00,43.9807,0.0,44.75952,-0.77882,0.0
2022-02-08T12:00:00-00:00,46.11819,0.0,46.98267,-0.86448,0.0
2022-02-08T13:00:00-00:00,53.44457,0.0,54.61888,-1.17431,0.0
2022-02-08T14:00:00-00:00,67.67554,0.0,69.44642,-1.77088,0.0
2022-02-08T15:00:00-00:00,55.85132,0.0,55.84015,0.01117,0.0
2022-02-08T16:00:00-00:00,42.41636,0.4331,41.7827,0.20056,0.0
2022-02-08T17:00:00-00:00,33.56394,3.05564,30.39281,0.11549,0.0
2022-02-08T18:00:00-00:00,30.44548,7.59834,22.80837,0.03877,0.0
2022-02-08T19:00:00-00:00,20.44552,1.8603,18.58708,-0.00186,0.0
2022-02-08T20:00:00-00:00,20.24227,1.9161,18.36658,-0.04041,0.0
2022-02-08T21:00:00-00:00,18.60929,0.0,18.71598,-0.10668,0.0
2022-02-08T22:00:00-00:00,23.82699,0.0,23.96358,-0.13659,0.0
2022-02-08T23:00:00-00:00,36.40704,0.0,36.73027,-0.32323,0.0
2022-02-09T00:00:00-00:00,50.05917,0.0,50.71851,-0.65934,0.0
2022-02-09T01:00:00-00:00,64.72958,0.0,66.93163,-2.20205,0.0
2022-02-09T02:00:00-00:00,70.09945,0.0,72.33459,-2.23514,0.0
2022-02-09T03:00:00-00:00,63.30042,0.0,64.98349,-1.68307,0.0
2022-02-09T04:00:00-00:00,58.32542,0.0,60.05501,-1.72958,0.0
2022-02-09T05:00:00-00:00,53.71364,0.0,55.57542,-1.86178,0.0
2022-02-09T06:00:00-00:00,50.39627,0.0,51.76281,-1.36654,0.0
2022-02-09T07:00:00-00:00,45.92315,0.0,46.86036,-0.93721,0.0
2022-02-09T08:00:00-00:00,41.54188,-0.03861,42.03447,-0.45397,0.0
2022-02-09T09:00:00-00:00,41.50727,-0.03692,41.78235,-0.23816,0.0
2022-02-09T10:00:00-00:00,41.62915,-0.03781,41.94379,-0.27683,0.0
2022-02-09T11:00:00-00:00,42.04245,-0.04106,42.1763,-0.09279,0.0
2022-02-09T12:00:00-00:00,43.28944,-0.05243,43.6826,-0.34072,0.0
2022-02-09T13:00:00-00:00,51.80198,-0.07113,52.50315,-0.63004,0.0
2022-02-09T14:00:00-00:00,64.9035,0.0,65.72507,-0.82156,0.0
2022-02-09T15:00:00-00:00,51.18295,0.0,50.70129,0.48166,0.0
2022-02-09T16:00:00-00:00,42.57133,2.97858,39.3527,0.24005,0.0
2022-02-09T17:00:00-00:00,38.29651,8.47533,29.71125,0.10993,0.0
2022-02-09T18:00:00-00:00,35.66766,10.28024,25.30392,0.0835,0.0
2022-02-09T19:00:00-00:00,29.15692,5.43055,23.62007,0.10629,0.0
2022-02-09T20:00:00-00:00,25.93233,3.7445,22.05769,0.13014,0.0
2022-02-09T21:00:00-00:00,23.43011,0.0,23.31354,0.11657,0.0
2022-02-09T22:00:00-00:00,27.85247,0.0,27.78855,0.06391,0.0
2022-02-09T23:00:00-00:00,39.33275,0.0,39.55823,-0.22548,0.0
2022-02-10T00:00:00-00:00,53.27881,0.0,54.2278,-0.94899,0.0
2022-02-10T01:00:00-00:00,66.49935,0.0,68.30253,-1.80319,0.0
2022-02-10T02:00:00-00:00,69.57867,0.0,71.67148,-2.09281,0.0
2022-02-10T03:00:00-00:00,59.44717,0.0,61.39334,-1.94617,0.0
2022-02-10T04:00:00-00:00,54.41222,0.0,55.93361,-1.52139,0.0
2022-02-10T05:00:00-00:00,49.35433,0.0,50.72387,-1.36954,0.0
2022-02-10T06:00:00-00:00,45.8886,0.0,46.85379,-0.96519,0.0
2022-02-10T07:00:00-00:00,42.65285,0.0,43.59449,-0.94164,0.0
2022-02-10T08:00:00-00:00,41.13455,0.0,41.55844,-0.4239,0.0
2022-02-10T09:00:00-00:00,41.12,0.0,41.50601,-0.38601,0.0
2022-02-10T10:00:00-00:00,40.08961,0.0,40.42514,-0.33553,0.0
2022-02-10T11:00:00-00:00,40.91669,0.0,41.13884,-0.22215,0.0
2022-02-10T12:00:00-00:00,42.11432,0.0,42.53112,-0.4168,0.0
2022-02-10T13:00:00-00:00,45.0023,0.0,45.37895,-0.37665,0.0
2022-02-10T14:00:00-00:00,57.59853,0.0,58.32763,-0.7291,0.0
2022-02-10T15:00:00-00:00,46.49297,0.0,46.14229,0.35068,0.0
2022-02-10T16:00:00-00:00,35.47624,0.02138,35.2154,0.23946,0.0
2022-02-10T17:00:00-00:00,25.03268,0.0,24.98022,0.05246,0.0
2022-02-10T18:00:00-00:00,22.0632,0.08317,21.95368,0.02634,0.0
2022-02-10T19:00:00-00:00,21.02184,0.21529,20.89431,-0.08776,0.0
2022-02-10T20:00:00-00:00,22.48813,0.0461,22.5186,-0.07656,0.0
2022-02-10T21:00:00-00:00,23.15,0.37879,22.90635,-0.13515,0.0
2022-02-10T22:00:00-00:00,26.85332,0.26975,26.78715,-0.20358,0.0
2022-02-10T23:00:00-00:00,36.56044,0.0,37.14736,-0.58693,0.0
2022-02-11T00:00:00-00:00,49.04192,0.0,50.51702,-1.4751,0.0
2022-02-11T01:00:00-00:00,64.07271,0.0,66.63135,-2.55864,0.0
2022-02-11T02:00:00-00:00,66.15965,0.0,68.73016,-2.57051,0.0
2022-02-11T03:00:00-00:00,57.36296,0.0,59.42501,-2.06205,0.0
2022-02-11T04:00:00-00:00,53.44417,0.0,55.33668,-1.89251,0.0
2022-02-11T05:00:00-00:00,48.73517,0.0,50.14938,-1.41421,0.0
2022-02-11T06:00:00-00:00,45.3409,0.0,46.44157,-1.10067,0.0
2022-02-11T07:00:00-00:00,42.11501,0.0,43.38176,-1.26675,0.0
2022-02-11T08:00:00-00:00,42.02764,0.0,42.28984,-0.2622,0.0
2022-02-11T09:00:00-00:00,41.34577,0.0,41.63303,-0.28727,0.0
2022-02-11T10:00:00-00:00,40.3015,0.0,40.56109,-0.25959,0.0
2022-02-11T11:00:00-00:00,40.41872,0.0,40.60959,-0.19087,0.0
2022-02-11T12:00:00-00:00,43.11686,0.0,43.3684,-0.25154,0.0
2022-02-11T13:00:00-00:00,46.81985,0.0,47.15465,-0.3348,0.0
2022-02-11T14:00:00-00:00,57.41,-4.97917,62.5769,-0.18773,0.0
2022-02-11T15:00:00-00:00,46.50069,0.17426,46.02725,0.29918,0.0
2022-02-11T16:00:00-00:00,37.97,3.36719,34.33499,0.26781,0.0
2022-02-11T17:00:00-00:00,24.70015,2.04096,22.48382,0.17537,0.0
2022-02-11T18:00:00-00:00,23.60653,2.25123,21.33823,0.01707,0.0
2022-02-11T19:00:00-00:00,23.52,2.04831,21.56226,-0.09056,0.0
2022-02-11T20:00:00-00:00,23.60367,2.36426,21.30118,-0.06177,0.0
2022-02-11T21:00:00-00:00,24.26047,2.19891,22.25294,-0.19138,0.0
2022-02-11T22:00:00-00:00,28.16107,-0.04417,28.42411,-0.21887,0.0
2022-02-11T23:00:00-00:00,38.22656,0.0,38.62439,-0.39783,0.0
2022-02-12T00:00:00-00:00,50.07076,0.0,51.37043,-1.29967,0.0
2022-02-12T01:00:00-00:00,64.42,-1.66886,68.24542,-2.15656,0.0
2022-02-12T02:00:00-00:00,66.66943,0.0,68.66058,-1.99116,0.0
2022-02-12T03:00:00-00:00,55.58618,0.0,56.9239,-1.33771,0.0
2022-02-12T04:00:00-00:00,52.40957,0.0,53.58852,-1.17895,0.0
2022-02-12T05:00:00-00:00,48.69383,0.0,49.67237,-0.97855,0.0
2022-02-12T06:00:00-00:00,44.01867,0.0,44.98127,-0.9626,0.0
2022-02-12T07:00:00-00:00,43.29,0.0,44.17347,-0.88347,0.0
2022-02-12T08:00:00-00:00,41.22,0.0,41.22,0.0,0.0
2022-02-12T09:00:00-00:00,40.84355,0.0,40.88444,-0.04088,0.0
2022-02-12T10:00:00-00:00,41.00832,0.0,40.99192,0.0164,0.0
2022-02-12T11:00:00-00:00,39.54161,0.0,39.52184,0.01976,0.0
2022-02-12T12:00:00-00:00,41.75538,0.0,41.70533,0.05005,0.0
2022-02-12T13:00:00-00:00,45.10038,0.0,44.99689,0.10349,0.0
2022-02-12T14:00:00-00:00,48.48,0.0,48.42189,0.05811,0.0
2022-02-12T15:00:00-00:00,42.93397,0.0,42.55101,0.38296,0.0
2022-02-12T16:00:00-00:00,31.00169,2.59488,28.03395,0.37285,0.0
2022-02-12T17:00:00-00:00,21.45607,3.89658,17.39252,0.16697,0.0
2022-02-12T18:00:00-00:00,17.22776,3.39339,13.67708,0.15729,0.0
2022-02-12T19:00:00-00:00,12.82509,1.33912,11.36324,0.12272,0.0
2022-02-12T20:00:00-00:00,10.95996,0.0,10.82251,0.13745,0.0
2022-02-12T21:00:00-00:00,10.62133,0.0,10.48709,0.13423,0.0
2022-02-12T22:00:00-00:00,15.76079,0.0,15.62021,0.14058,0.0
2022-02-12T23:00:00-00:00,30.40798,-0.08901,30.56116,-0.06418,0.0
2022-02-13T00:00:00-00:00,45.7596,0.0,45.82834,-0.06874,0.0
2022-02-13T01:00:00-00:00,60.97757,0.0,62.24106,-1.26349,0.0
2022-02-13T02:00:00-00:00,62.85063,0.0,63.82719,-0.97656,0.0
2022-02-13T03:00:00-00:00,57.91748,0.0,58.6625,-0.74501,0.0
2022-02-13T04:00:00-00:00,52.35097,0.0,52.87977,-0.5288,0.0
2022-02-13T05:00:00-00:00,50.45255,0.0,50.96217,-0.50962,0.0
2022-02-13T06:00:00-00:00,46.08033,0.0,46.16805,-0.08772,0.0
2022-02-13T07:00:00-00:00,43.91058,0.0,44.30937,-0.39878,0.0
2022-02-13T08:00:00-00:00,44.60588,0.0,44.54797,0.05791,0.0
2022-02-13T09:00:00-00:00,44.08143,0.0,43.96711,0.11431,0.0
2022-02-13T10:00:00-00:00,42.24051,0.0,42.05128,0.18923,0.0
2022-02-13T11:00:00-00:00,42.31321,0.0,42.09013,0.22308,0.0
2022-02-13T12:00:00-00:00,43.27176,0.0,42.99231,0.27945,0.0
2022-02-13T13:00:00-00:00,44.85533,0.0,44.67217,0.18316,0.0
2022-02-13T14:00:00-00:00,45.97587,0.0,45.50265,0.47323,0.0
2022-02-13T15:00:00-00:00,42.38215,1.08448,40.68335,0.61432,0.0
2022-02-13T16:00:00-00:00,25.78454,9.4003,16.09137,0.29286,0.0
2022-02-13T17:00:00-00:00,5.23888,1.68735,3.49113,0.0604,0.0
2022-02-13T18:00:00-00:00,2.18773,0.0,2.15095,0.03678,0.0
2022-02-13T19:00:00-00:00,2.17746,0.0,2.15037,0.02709,0.0
2022-02-13T20:00:00-00:00,3.26238,0.0,3.22434,0.03805,0.0
2022-02-13T21:00:00-00:00,5.039,0.0,5.0,0.039,0.0
2022-02-13T22:00:00-00:00,5.52587,0.09937,5.38503,0.04146,0.0
2022-02-13T23:00:00-00:00,24.79085,0.0,24.63565,0.1552,0.0
2022-02-14T00:00:00-00:00,45.88988,0.0,45.78915,0.10074,0.0
2022-02-14T01:00:00-00:00,57.59689,0.0,58.8504,-1.25351,0.0
2022-02-14T02:00:00-00:00,58.78051,0.0,59.77882,-0.99831,0.0
2022-02-14T03:00:00-00:00,54.33338,0.0,55.07692,-0.74354,0.0
2022-02-14T04:00:00-00:00,50.43065,0.0,50.94005,-0.5094,0.0
2022-02-14T05:00:00-00:00,48.42237,0.0,48.84734,-0.42497,0.0
2022-02-14T06:00:00-00:00,45.58654,0.0,46.07028,-0.48374,0.0
2022-02-14T07:00:00-00:00,43.91611,0.0,44.22124,-0.30513,0.0
2022-02-14T08:00:00-00:00,40.80467,0.0,40.84961,-0.04493,0.0
2022-02-14T09:00:00-00:00,39.85551,0.0,40.05579,-0.20028,0.0
2022-02-14T10:00:00-00:00,38.78213,0.0,38.87153,-0.0894,0.0
2022-02-14T11:00:00-00:00,38.61872,0.0,38.75436,-0.13564,0.0
2022-02-14T12:00:00-00:00,42.04437,0.0,42.11175,-0.06738,0.0
2022-02-14T13:00:00-00:00,47.50109,0.0,47.65358,-0.15249,0.0
2022-02-14T14:00:00-00:00,56.25591,0.0,56.18848,0.06743,0.0
2022-02-14T15:00:00-00:00,47.46202,0.12429,46.79953,0.53819,0.0
2022-02-14T16:00:00-00:00,43.04999,6.47615,36.31599,0.25784,0.0
2022-02-14T17:00:00-00:00,36.2608,6.47071,29.60947,0.18062,0.0
2022-02-14T18:00:00-00:00,27.43366,2.13987,25.15043,0.14336,0.0
2022-02-14T19:00:00-00:00,24.12083,0.19977,23.78784,0.13321,0.0
2022-02-14T20:00:00-00:00,21.92556,-0.25889,22.13133,0.05312,0.0
2022-02-14T21:00:00-00:00,20.13561,-0.6997,20.83115,0.00417,0.0
2022-02-14T22:00:00-00:00,22.21,-2.772,25.00451,-0.0225,0.0
2022-02-14T23:00:00-00:00,32.54,0.0,32.54,0.0,0.0
2022-02-15T00:00:00-00:00,44.73319,0.0,45.18048,-0.44729,0.0
2022-02-15T01:00:00-00:00,54.901,0.0,56.29717,-1.39617,0.0
2022-02-15T02:00:00-00:00,57.75333,0.0,58.97409,-1.22076,0.0
2022-02-15T03:00:00-00:00,52.7664,0.0,53.68986,-0.92347,0.0
2022-02-15T04:00:00-00:00,47.14376,0.0,47.53354,-0.38978,0.0
2022-02-15T05:00:00-00:00,45.61354,0.0,45.96286,-0.34932,0.0
2022-02-15T06:00:00-00:00,42.7716,0.0,43.29109,-0.51949,0.0
2022-02-15T07:00:00-00:00,41.12091,0.0,41.78955,-0.66863,0.0
2022-02-15T08:00:00-00:00,40.64995,0.0,40.74774,-0.09779,0.0
2022-02-15T09:00:00-00:00,38.91722,0.0,39.18761,-0.27039,0.0
2022-02-15T10:00:00-00:00,36.05128,0.0,36.41911,-0.36783,0.0
2022-02-15T11:00:00-00:00,36.87604,0.0,37.18468,-0.30863,0.0
2022-02-15T12:00:00-00:00,40.50062,0.0,40.83547,-0.33485,0.0
2022-02-15T13:00:00-00:00,44.93126,0.0,45.33474,-0.40348,0.0
2022-02-15T14:00:00-00:00,49.38302,0.0,49.89192,-0.5089,0.0
2022-02-15T15:00:00-00:00,46.434,1.12283,45.10818,0.20299,0.0
2022-02-15T16:00:00-00:00,30.99,0.19524,30.71184,0.08292,0.0
2022-02-15T17:00:00-00:00,19.32257,-3.16034,22.46045,0.02246,0.0
2022-02-15T18:00:00-00:00,16.68349,-3.66234,20.37639,-0.03056,0.0
2022-02-15T19:00:00-00:00,11.12239,-5.29797,16.47142,-0.05106,0.0
2022-02-15T20:00:00-00:00,11.063,-5.46544,16.6115,-0.08306,0.0
2022-02-15T21:00:00-00:00,9.89524,-2.47626,12.48007,-0.10858,0.0
2022-02-15T22:00:00-00:00,8.82099,-2.83248,11.75812,-0.10465,0.0
2022-02-15T23:00:00-00:00,16.82273,-0.0269,16.89355,-0.04392,0.0
2022-02-16T00:00:00-00:00,36.7413,0.0,37.10868,-0.36738,0.0
2022-02-16T01:00:00-00:00,50.9943,0.0,52.46867,-1.47437,0.0
2022-02-16T02:00:00-00:00,57.95462,0.0,59.23408,-1.27946,0.0
2022-02-16T03:00:00-00:00,52.24521,0.0,53.05159,-0.80638,0.0
2022-02-16T04:00:00-00:00,49.59242,0.0,50.04786,-0.45544,0.0
2022-02-16T05:00:00-00:00,47.02254,0.0,47.33971,-0.31718,0.0
2022-02-16T06:00:00-00:00,43.1639,0.0,43.65723,-0.49333,0.0
2022-02-16T07:00:00-00:00,40.18066,0.0,40.76772,-0.58706,0.0
2022-02-16T08:00:00-00:00,36.9083,-0.0412,37.17627,-0.22678,0.0
2022-02-16T09:00:00-00:00,36.26802,0.00112,36.57412,-0.30722,0.0
2022-02-16T10:00:00-00:00,34.78484,0.00096,35.09269,-0.30882,0.0
2022-02-16T11:00:00-00:00,36.36362,0.00095,36.65592,-0.29325,0.0
2022-02-16T12:00:00-00:00,44.0275,0.00066,44.41323,-0.3864,0.0
2022-02-16T13:00:00-00:00,53.09092,0.00202,53.50626,-0.41735,0.0
2022-02-16T14:00:00-00:00,66.62516,-0.13998,66.95261,-0.18747,0.0
2022-02-16T15:00:00-00:00,53.90677,2.67178,50.48777,0.74722,0.0
2022-02-16T16:00:00-00:00,37.65401,4.15095,33.04702,0.45605,0.0
2022-02-16T17:00:00-00:00,24.10182,4.66548,19.18691,0.24943,0.0
2022-02-16T18:00:00-00:00,16.34,2.73772,13.4463,0.15598,0.0
2022-02-16T19:00:00-00:00,11.08482,0.764,10.26947,0.05135,0.0
2022-02-16T20:00:00-00:00,12.79654,1.96686,10.76616,0.06352,0.0
2022-02-16T21:00:00-00:00,11.08177,2.86014,8.17909,0.04253,0.0
2022-02-16T22:00:00-00:00,8.82266,0.53389,8.24999,0.03877,0.0
2022-02-16T23:00:00-00:00,16.48607,-0.13927,16.44445,0.18089,0.0
2022-02-17T00:00:00-00:00,40.82516,0.0,40.51321,0.31195,0.0
2022-02-17T01:00:00-00:00,55.45144,0.0,56.60043,-1.14899,0.0
2022-02-17T02:00:00-00:00,59.29801,0.0,60.55761,-1.2596,0.0
2022-02-17T03:00:00-00:00,56.84558,0.0,58.01161,-1.16603,0.0
2022-02-17T04:00:00-00:00,55.05852,-0.10638,56.14176,-0.97687,0.0
2022-02-17T05:00:00-00:00,52.69668,-0.0981,53.59876,-0.80398,0.0
2022-02-17T06:00:00-00:00,47.55853,-0.12671,48.22049,-0.53525,0.0
2022-02-17T07:00:00-00:00,44.08155,-0.10225,44.70687,-0.52307,0.0
2022-02-17T08:00:00-00:00,39.58577,-0.00673,40.05717,-0.46466,0.0
2022-02-17T09:00:00-00:00,39.57014,-0.07787,40.16208,-0.51407,0.0
2022-02-17T10:00:00-00:00,38.3712,-0.06508,38.86771,-0.43143,0.0
2022-02-17T11:00:00-00:00,38.96766,-0.07439,39.48028,-0.43823,0.0
2022-02-17T12:00:00-00:00,45.31303,-0.00733,45.74119,-0.42082,0.0
2022-02-17T13:00:00-00:00,54.89887,-0.00756,55.54521,-0.63877,0.0
2022-02-17T14:00:00-00:00,66.56261,-0.00177,67.10119,-0.53681,0.0
2022-02-17T15:00:00-00:00,53.01827,-0.00538,51.98397,1.03968,0.0
2022-02-17T16:00:00-00:00,35.71351,2.8065,32.3633,0.5437,0.0
2022-02-17T17:00:00-00:00,24.34822,6.19892,17.93586,0.21344,0.0
2022-02-17T18:00:00-00:00,21.19,8.93506,12.11202,0.14292,0.0
2022-02-17T19:00:00-00:00,14.30546,5.26273,8.93374,0.10899,0.0
2022-02-17T20:00:00-00:00,16.06888,5.9931,9.94059,0.13519,0.0
2022-02-17T21:00:00-00:00,13.09,4.07642,8.90142,0.11216,0.0
2022-02-17T22:00:00-00:00,18.13892,6.45846,11.53284,0.14762,0.0
2022-02-17T23:00:00-00:00,28.54452,3.72624,24.67516,0.14312,0.0
2022-02-18T00:00:00-00:00,47.73901,-0.02158,47.68905,0.07153,0.0
2022-02-18T01:00:00-00:00,62.97136,0.0,64.3287,-1.35734,0.0
2022-02-18T02:00:00-00:00,68.80143,-0.01266,69.94013,-1.12604,0.0
2022-02-18T03:00:00-00:00,62.25391,-0.01197,63.18844,-0.92255,0.0
2022-02-18T04:00:00-00:00,59.80573,-0.00376,60.80054,-0.99105,0.0
2022-02-18T05:00:00-00:00,56.74284,-0.00246,57.79132,-1.04602,0.0
2022-02-18T06:00:00-00:00,52.19932,-0.01159,52.71167,-0.50076,0.0
2022-02-18T07:00:00-00:00,46.89,-0.00248,47.14707,-0.25459,0.0
2022-02-18T08:00:00-00:00,43.99984,-0.36389,44.94805,-0.58432,0.0
2022-02-18T09:00:00-00:00,44.3273,-0.00845,44.61235,-0.2766,0.0
2022-02-18T10:00:00-00:00,44.18869,-0.01614,44.48508,-0.28026,0.0
2022-02-18T11:00:00-00:00,45.31444,-0.02065,45.58581,-0.25072,0.0
2022-02-18T12:00:00-00:00,49.20896,-0.02129,49.46273,-0.23247,0.0
2022-02-18T13:00:00-00:00,59.23794,-0.02412,60.00614,-0.74408,0.0
2022-02-18T14:00:00-00:00,70.44705,-0.03121,71.19015,-0.7119,0.0
2022-02-18T15:00:00-00:00,54.16001,-0.01989,53.13317,1.04672,0.0
2022-02-18T16:00:00-00:00,43.56629,5.96689,36.94183,0.65756,0.0
2022-02-18T17:00:00-00:00,38.946,17.14764,21.54201,0.25635,0.0
2022-02-18T18:00:00-00:00,36.03505,17.66612,18.14394,0.22498,0.0
2022-02-18T19:00:00-00:00,32.9583,15.98981,16.80548,0.16301,0.0
2022-02-18T20:00:00-00:00,31.02924,14.99549,15.85146,0.18229,0.0
2022-02-18T21:00:00-00:00,27.41861,13.51987,13.75024,0.1485,0.0
2022-02-18T22:00:00-00:00,28.56157,11.1314,17.23371,0.19646,0.0
2022-02-18T23:00:00-00:00,39.05,8.46018,30.27496,0.31486,0.0
2022-02-19T00:00:00-00:00,50.50755,0.73518,49.09971,0.67267,0.0
2022-02-19T01:00:00-00:00,63.3234,-0.00027,64.39914,-1.07547,0.0
2022-02-19T02:00:00-00:00,69.21,0.0,70.06479,-0.85479,0.0
2022-02-19T03:00:00-00:00,63.05485,0.0,63.91774,-0.86289,0.0
2022-02-19T04:00:00-00:00,60.71492,-0.02618,61.44775,-0.70665,0.0
2022-02-19T05:00:00-00:00,59.4833,-0.0092,60.29442,-0.80192,0.0
2022-02-19T06:00:00-00:00,52.48054,-0.00966,53.31119,-0.82099,0.0
2022-02-19T07:00:00-00:00,48.25675,-0.01473,48.72954,-0.45806,0.0
2022-02-19T08:00:00-00:00,46.11746,-0.01192,46.62831,-0.49892,0.0
2022-02-19T09:00:00-00:00,45.16996,-0.0191,45.61787,-0.42881,0.0
2022-02-19T10:00:00-00:00,44.7028,-0.04063,45.11791,-0.37448,0.0
2022-02-19T11:00:00-00:00,44.69572,-0.03605,45.06072,-0.32894,0.0
2022-02-19T12:00:00-00:00,46.83312,-0.02483,47.03669,-0.17874,0.0
2022-02-19T13:00:00-00:00,49.37923,0.01973,49.71246,-0.35296,0.0
2022-02-19T14:00:00-00:00,55.56569,0.14629,55.46377,-0.04437,0.0
2022-02-19T15:00:00-00:00,44.08768,0.023,43.77576,0.28892,0.0
2022-02-19T16:00:00-00:00,32.47375,13.98639,18.35885,0.12851,0.0
2022-02-19T17:00:00-00:00,23.57922,13.85144,9.61814,0.10965,0.0
2022-02-19T18:00:00-00:00,18.93508,11.51254,7.34687,0.07567,0.0
2022-02-19T19:00:00-00:00,14.61547,9.20735,5.35723,0.05089,0.0
2022-02-19T20:00:00-00:00,11.16774,7.10785,4.0177,0.04219,0.0
2022-02-19T21:00:00-00:00,10.35574,6.60308,3.70853,0.04413,0.0
2022-02-19T22:00:00-00:00,10.89109,6.93278,3.91486,0.04345,0.0
2022-02-19T23:00:00-00:00,21.1944,10.69619,10.37577,0.12243,0.0
2022-02-20T00:00:00-00:00,42.10199,-0.00475,42.24191,-0.13517,0.0
2022-02-20T01:00:00-00:00,61.4527,-0.01587,62.34767,-0.8791,0.0
2022-02-20T02:00:00-00:00,69.42054,-0.02469,70.48845,-1.04323,0.0
2022-02-20T03:00:00-00:00,61.40855,-0.03051,62.66094,-1.22189,0.0
2022-02-20T04:00:00-00:00,58.53295,-0.00877,59.4091,-0.86737,0.0
2022-02-20T05:00:00-00:00,55.21067,-0.00797,56.00268,-0.78404,0.0
2022-02-20T06:00:00-00:00,48.63474,-0.00893,49.35938,-0.71571,0.0
2022-02-20T07:00:00-00:00,46.48528,-0.07496,47.27409,-0.71384,0.0
2022-02-20T08:00:00-00:00,44.37673,-0.03029,45.00559,-0.59857,0.0
2022-02-20T09:00:00-00:00,44.05045,-0.26846,45.16807,-0.84916,0.0
2022-02-20T10:00:00-00:00,44.27898,-0.03252,45.06865,-0.75715,0.0
2022-02-20T11:00:00-00:00,43.78346,-0.0053,44.40151,-0.61274,0.0
2022-02-20T12:00:00-00:00,44.35087,-0.0436,44.83837,-0.4439,0.0
2022-02-20T13:00:00-00:00,47.6089,0.04021,47.92332,-0.35463,0.0
2022-02-20T14:00:00-00:00,49.4576,0.04343,49.46859,-0.05442,0.0
2022-02-20T15:00:00-00:00,41.56362,4.68285,36.54095,0.33983,0.0
2022-02-20T16:00:00-00:00,32.04468,17.32542,14.48603,0.23323,0.0
2022-02-20T17:00:00-00:00,28.0,17.04509,10.76861,0.1863,0.0
2022-02-20T18:00:00-00:00,24.22069,15.36636,8.69179,0.16254,0.0
2022-02-20T19:00:00-00:00,18.3835,12.71455,5.58297,0.08598,0.0
2022-02-20T20:00:00-00:00,17.8842,12.67133,5.13786,0.07501,0.0
2022-02-20T21:00:00-00:00,16.00061,11.87362,4.0624,0.06459,0.0
2022-02-20T22:00:00-00:00,18.3809,13.07551,5.2239,0.08149,0.0
2022-02-20T23:00:00-00:00,25.2126,14.73946,10.3316,0.14154,0.0
2022-02-21T00:00:00-00:00,41.97115,6.16779,35.4559,0.34747,0.0
2022-02-21T01:00:00-00:00,55.85,0.00546,56.45424,-0.60971,0.0
2022-02-21T02:00:00-00:00,62.59047,-2e-05,63.45989,-0.8694,0.0
2022-02-21T03:00:00-00:00,57.32452,-0.00131,58.14568,-0.81985,0.0
2022-02-21T04:00:00-00:00,53.68415,0.00592,54.10567,-0.42743,0.0
2022-02-21T05:00:00-00:00,50.84632,-0.0065,51.36649,-0.51366,0.0
2022-02-21T06:00:00-00:00,47.02854,-0.01388,47.08008,-0.03766,0.0
2022-02-21T07:00:00-00:00,44.85769,-0.01528,44.73876,0.13422,0.0
2022-02-21T08:00:00-00:00,43.49194,0.00245,43.752,-0.26251,0.0
2022-02-21T09:00:00-00:00,42.34341,0.02431,42.222,0.09711,0.0
2022-02-21T10:00:00-00:00,42.48296,0.01183,42.40752,0.06361,0.0
2022-02-21T11:00:00-00:00,42.74464,0.01355,42.80385,-0.07277,0.0
2022-02-21T12:00:00-00:00,44.95167,0.01431,44.83871,0.09865,0.0
2022-02-21T13:00:00-00:00,50.41426,0.03939,50.30444,0.07043,0.0
2022-02-21T14:00:00-00:00,59.0886,0.13016,59.0411,-0.08266,0.0
2022-02-21T15:00:00-00:00,49.83071,5.25064,44.12121,0.45886,0.0
2022-02-21T16:00:00-00:00,42.05795,21.17145,20.59406,0.29244,0.0
2022-02-21T17:00:00-00:00,35.52576,20.27575,15.02612,0.22389,0.0
2022-02-21T18:00:00-00:00,33.29606,20.24805,12.89201,0.15599,0.0
2022-02-21T19:00:00-00:00,25.62901,15.71905,9.83131,0.07865,0.0
2022-02-21T20:00:00-00:00,24.75,15.34456,9.34562,0.05981,0.0
2022-02-21T21:00:00-00:00,20.85,13.43424,7.3708,0.04496,0.0
2022-02-21T22:00:00-00:00,21.24545,13.6756,7.52695,0.0429,0.0
2022-02-21T23:00:00-00:00,28.71787,15.78016,12.80961,0.1281,0.0
2022-02-22T00:00:00-00:00,42.85249,0.64491,42.01431,0.19327,0.0
2022-02-22T01:00:00-00:00,64.24891,-0.0198,65.22756,-0.95885,0.0
2022-02-22T02:00:00-00:00,74.44801,-0.00322,75.61571,-1.16448,0.0
2022-02-22T03:00:00-00:00,66.15979,0.01806,66.99254,-0.85081,0.0
2022-02-22T04:00:00-00:00,63.20583,0.01225,63.89644,-0.70286,0.0
2022-02-22T05:00:00-00:00,54.44095,0.0,55.07988,-0.63893,0.0
2022-02-22T06:00:00-00:00,48.75293,0.00065,49.14544,-0.39316,0.0
2022-02-22T07:00:00-00:00,46.53143,0.0005,47.10562,-0.57469,0.0
2022-02-22T08:00:00-00:00,43.42254,-0.02589,43.98505,-0.53662,0.0
2022-02-22T09:00:00-00:00,42.04476,-0.33521,42.86434,-0.48437,0.0
2022-02-22T10:00:00-00:00,42.19189,-0.00348,42.66036,-0.465,0.0
2022-02-22T11:00:00-00:00,42.2474,-0.02222,42.75706,-0.48743,0.0
2022-02-22T12:00:00-00:00,44.40754,-0.02834,45.01204,-0.57615,0.0
2022-02-22T13:00:00-00:00,52.91399,-0.04841,53.88381,-0.92141,0.0
2022-02-22T14:00:00-00:00,74.04559,-0.07617,75.25816,-1.1364,0.0
2022-02-22T15:00:00-00:00,62.11822,0.0,61.82148,0.29674,0.0
2022-02-22T16:00:00-00:00,47.26238,8.88761,38.37477,0.0,0.0
2022-02-22T17:00:00-00:00,43.19799,5.71294,37.09554,0.3895,0.0
2022-02-22T18:00:00-00:00,44.14202,9.95288,33.96498,0.22417,0.0
2022-02-22T19:00:00-00:00,38.07683,6.44605,31.33623,0.29456,0.0
2022-02-22T20:00:00-00:00,39.06916,7.77399,31.0191,0.27607,0.0
2022-02-22T21:00:00-00:00,38.78147,8.26158,30.25965,0.26023,0.0
2022-02-22T22:00:00-00:00,39.29363,4.77336,34.22254,0.29774,0.0
2022-02-22T23:00:00-00:00,40.23,3.08397,36.76733,0.3787,0.0
2022-02-23T00:00:00-00:00,54.22202,-0.00052,54.35844,-0.1359,0.0
2022-02-23T01:00:00-00:00,74.31234,-0.00604,75.7269,-1.40852,0.0
2022-02-23T02:00:00-00:00,84.61492,-0.02291,86.01406,-1.37622,0.0
2022-02-23T03:00:00-00:00,80.1352,-0.01041,80.95516,-0.80955,0.0
2022-02-23T04:00:00-00:00,69.22,0.0,69.99697,-0.77697,0.0
2022-02-23T05:00:00-00:00,61.28106,0.0,62.13858,-0.85751,0.0
2022-02-23T06:00:00-00:00,53.17413,0.0,54.02228,-0.84815,0.0
2022-02-23T07:00:00-00:00,49.00379,0.0,49.30455,-0.30076,0.0
2022-02-23T08:00:00-00:00,49.98446,-0.01682,50.1769,-0.17562,0.0
2022-02-23T09:00:00-00:00,49.68293,-0.08365,50.05188,-0.2853,0.0
2022-02-23T10:00:00-00:00,49.3356,-0.02123,49.56003,-0.2032,0.0
2022-02-23T11:00:00-00:00,49.27129,-0.08282,49.72706,-0.37295,0.0
2022-02-23T12:00:00-00:00,51.0961,-0.01877,51.63118,-0.51631,0.0
2022-02-23T13:00:00-00:00,60.64455,-0.04641,62.10064,-1.40968,0.0
2022-02-23T14:00:00-00:00,90.22583,-0.31417,90.54,0.0,0.0
2022-02-23T15:00:00-00:00,71.61134,-0.00855,71.61989,0.0,0.0
2022-02-23T16:00:00-00:00,54.58,-0.14195,54.72195,0.0,0.0
2022-02-23T17:00:00-00:00,48.8337,4.26182,44.57188,0.0,0.0
2022-02-23T18:00:00-00:00,48.31337,11.32324,36.87214,0.11799,0.0
2022-02-23T19:00:00-00:00,40.12,13.82816,26.21582,0.07603,0.0
2022-02-23T20:00:00-00:00,38.5055,16.0607,22.32647,0.11833,0.0
2022-02-23T21:00:00-00:00,35.60016,15.1221,20.37618,0.10188,0.0
2022-02-23T22:00:00-00:00,37.66448,14.97754,22.57183,0.11512,0.0
2022-02-23T23:00:00-00:00,40.9598,7.64314,33.15421,0.16246,0.0
2022-02-24T00:00:00-00:00,54.50296,0.0,54.24799,0.25497,0.0
2022-02-24T01:00:00-00:00,78.40291,0.0,79.38732,-0.9844,0.0
2022-02-24T02:00:00-00:00,91.92753,0.0,92.75303,-0.8255,0.0
2022-02-24T03:00:00-00:00,88.693,0.0,89.31823,-0.62523,0.0
2022-02-24T04:00:00-00:00,79.44386,0.0,79.93144,-0.48758,0.0
2022-02-24T05:00:00-00:00,74.98453,0.0,76.0878,-1.10327,0.0
2022-02-24T06:00:00-00:00,59.90776,0.0,60.88806,-0.9803,0.0
2022-02-24T07:00:00-00:00,55.21922,-0.10857,56.14184,-0.81406,0.0
2022-02-24T08:00:00-00:00,75.96832,-0.00602,76.6102,-0.63586,0.0
2022-02-24T09:00:00-00:00,72.23015,-0.00317,73.31843,-1.08511,0.0
2022-02-24T10:00:00-00:00,71.93687,-0.00905,72.93049,-0.98456,0.0
2022-02-24T11:00:00-00:00,68.3812,-0.0074,68.38859,0.0,0.0
2022-02-24T12:00:00-00:00,74.90106,-0.00868,76.2285,-1.31875,0.0
2022-02-24T13:00:00-00:00,83.80011,-0.00842,86.26714,-2.45861,0.0
2022-02-24T14:00:00-00:00,104.82898,-0.00102,104.83,0.0,0.0
2022-02-24T15:00:00-00:00,80.0,-0.02381,80.02381,0.0,0.0
2022-02-24T16:00:00-00:00,57.92598,0.01933,57.44137,0.46528,0.0
2022-02-24T17:00:00-00:00,50.71,2.70927,47.66706,0.33367,0.0
2022-02-24T18:00:00-00:00,49.48593,8.26684,40.91225,0.30684,0.0
2022-02-24T19:00:00-00:00,45.12942,9.71847,35.12295,0.28801,0.0
2022-02-24T20:00:00-00:00,42.39,14.76221,27.39493,0.23286,0.0
2022-02-24T21:00:00-00:00,41.02,14.66463,26.23208,0.12329,0.0
2022-02-24T22:00:00-00:00,35.21389,10.68074,24.3844,0.14874,0.0
2022-02-24T23:00:00-00:00,44.40229,3.03816,41.21576,0.14838,0.0
2022-02-25T00:00:00-00:00,62.76351,-0.02663,62.95382,-0.16368,0.0
2022-02-25T01:00:00-00:00,83.37739,-0.01978,83.39717,0.0,0.0
2022-02-25T02:00:00-00:00,100.7568,-0.04567,102.05778,-1.25531,0.0
2022-02-25T03:00:00-00:00,85.67644,-0.03584,85.71228,0.0,0.0
2022-02-25T04:00:00-00:00,82.79466,-0.00477,84.18854,-1.38911,0.0
2022-02-25T05:00:00-00:00,79.68605,-0.01134,80.80441,-1.10702,0.0
2022-02-25T06:00:00-00:00,74.28961,-0.00382,75.32539,-1.03196,0.0
2022-02-25T07:00:00-00:00,68.24394,-0.00024,69.4668,-1.22262,0.0
2022-02-25T08:00:00-00:00,61.83908,0.01432,62.7026,-0.87784,0.0
2022-02-25T09:00:00-00:00,58.88176,-0.00255,59.7507,-0.86639,0.0
2022-02-25T10:00:00-00:00,57.05601,0.00463,57.78525,-0.73387,0.0
2022-02-25T11:00:00-00:00,57.47043,-0.01279,58.17551,-0.69229,0.0
2022-02-25T12:00:00-00:00,62.09639,-0.01812,62.78632,-0.67181,0.0
2022-02-25T13:00:00-00:00,74.14667,-0.0154,75.27616,-1.11409,0.0
2022-02-25T14:00:00-00:00,98.82116,-0.06366,98.88482,0.0,0.0
2022-02-25T15:00:00-00:00,71.51771,-0.04229,71.56,0.0,0.0
2022-02-25T16:00:00-00:00,58.09154,3.54442,54.54712,0.0,0.0
2022-02-25T17:00:00-00:00,49.36523,11.3918,37.97343,0.0,0.0
2022-02-25T18:00:00-00:00,50.83012,18.85692,31.74779,0.22541,0.0
2022-02-25T19:00:00-00:00,45.69177,19.94178,25.55831,0.19169,0.0
2022-02-25T20:00:00-00:00,42.14983,19.90204,22.04935,0.19844,0.0
2022-02-25T21:00:00-00:00,34.49913,14.68193,19.70881,0.1084,0.0
2022-02-25T22:00:00-00:00,36.14093,14.74037,21.26657,0.13398,0.0
2022-02-25T23:00:00-00:00,42.69322,5.38538,37.11854,0.1893,0.0
2022-02-26T00:00:00-00:00,56.06973,-0.58644,56.78109,-0.12492,0.0
2022-02-26T01:00:00-00:00,79.01,0.0,80.31104,-1.30104,0.0
2022-02-26T02:00:00-00:00,88.71116,0.0,90.32803,-1.61687,0.0
2022-02-26T03:00:00-00:00,82.33593,0.0,83.84514,-1.50921,0.0
2022-02-26T04:00:00-00:00,78.99508,0.0,80.22248,-1.2274,0.0
2022-02-26T05:00:00-00:00,76.57397,0.0,77.90617,-1.3322,0.0
2022-02-26T06:00:00-00:00,68.25375,0.0,69.71783,-1.46407,0.0
2022-02-26T07:00:00-00:00,62.15963,0.0,63.5709,-1.41127,0.0
2022-02-26T08:00:00-00:00,52.37614,0.0,53.10366,-0.72752,0.0
2022-02-26T09:00:00-00:00,49.70084,0.0,50.50898,-0.80814,0.0
2022-02-26T10:00:00-00:00,48.00433,0.0,48.7948,-0.79048,0.0
2022-02-26T11:00:00-00:00,47.52131,0.0,48.26949,-0.74818,0.0
2022-02-26T12:00:00-00:00,50.94,0.0,51.60049,-0.66049,0.0
2022-02-26T13:00:00-00:00,57.02315,0.0,57.86802,-0.84487,0.0
2022-02-26T14:00:00-00:00,63.47778,-0.05572,64.18174,-0.64824,0.0
2022-02-26T15:00:00-00:00,51.87469,1.56652,50.18271,0.12546,0.0
2022-02-26T16:00:00-00:00,47.43003,17.83459,29.37804,0.2174,0.0
2022-02-26T17:00:00-00:00,40.47218,19.36568,20.57565,0.53085,0.0
2022-02-26T18:00:00-00:00,36.52102,20.8642,15.23186,0.42497,0.0
2022-02-26T19:00:00-00:00,30.5,18.60655,11.574,0.31944,0.0
2022-02-26T20:00:00-00:00,27.11212,16.61559,10.20864,0.28788,0.0
2022-02-26T21:00:00-00:00,23.81338,14.55543,8.99791,0.26004,0.0
2022-02-26T22:00:00-00:00,25.8632,15.21415,10.37717,0.27188,0.0
2022-02-26T23:00:00-00:00,35.38922,17.36507,17.81042,0.21373,0.0
2022-02-27T00:00:00-00:00,47.89324,-1.0536,48.62591,0.32093,0.0
2022-02-27T01:00:00-00:00,67.08458,0.0,67.36076,-0.27618,0.0
2022-02-27T02:00:00-00:00,77.85168,0.0,78.51118,-0.65949,0.0
2022-02-27T03:00:00-00:00,66.77146,0.0,67.63721,-0.86576,0.0
2022-02-27T04:00:00-00:00,67.19119,0.0,68.00039,-0.8092,0.0
2022-02-27T05:00:00-00:00,61.80027,0.0,63.08725,-1.28698,0.0
2022-02-27T06:00:00-00:00,56.68107,0.0,57.86144,-1.18037,0.0
2022-02-27T07:00:00-00:00,53.68662,0.0,54.77109,-1.08447,0.0
2022-02-27T08:00:00-00:00,47.36202,0.0,47.91787,-0.55585,0.0
2022-02-27T09:00:00-00:00,47.69512,0.0,47.93962,-0.24449,0.0
2022-02-27T10:00:00-00:00,47.59379,0.0,47.88589,-0.2921,0.0
2022-02-27T11:00:00-00:00,47.4865,0.0,47.73472,-0.24822,0.0
2022-02-27T12:00:00-00:00,47.88571,0.0,48.07319,-0.18749,0.0
2022-02-27T13:00:00-00:00,49.8133,0.0,50.07368,-0.26038,0.0
2022-02-27T14:00:00-00:00,55.14752,0.0,55.369,-0.22148,0.0
2022-02-27T15:00:00-00:00,44.96491,0.0,44.7323,0.23261,0.0
2022-02-27T16:00:00-00:00,38.9436,12.19981,26.39538,0.34842,0.0
2022-02-27T17:00:00-00:00,27.98,14.16117,13.62131,0.19751,0.0
2022-02-27T18:00:00-00:00,21.0262,11.55805,9.32455,0.1436,0.0
2022-02-27T19:00:00-00:00,16.42994,9.25189,7.06363,0.11443,0.0
2022-02-27T20:00:00-00:00,16.01,9.21382,6.69971,0.09648,0.0
2022-02-27T21:00:00-00:00,13.15721,6.6429,6.42373,0.09057,0.0
2022-02-27T22:00:00-00:00,15.09,6.16282,8.79785,0.12933,0.0
2022-02-27T23:00:00-00:00,24.41722,0.51392,23.65024,0.25306,0.0
2022-02-28T00:00:00-00:00,46.3707,-0.27491,46.54786,0.09775,0.0
2022-02-28T01:00:00-00:00,62.97182,0.0,63.58221,-0.61039,0.0
2022-02-28T02:00:00-00:00,74.24598,0.0,74.88249,-0.6365,0.0
2022-02-28T03:00:00-00:00,62.84594,0.0,63.48716,-0.64122,0.0
2022-02-28T04:00:00-00:00,62.23278,0.0,62.76629,-0.53351,0.0
2022-02-28T05:00:00-00:00,57.43145,0.0,58.182,-0.75055,0.0
2022-02-28T06:00:00-00:00,51.56727,0.0,52.0829,-0.51562,0.0
2022-02-28T07:00:00-00:00,47.83436,0.0,48.05541,-0.22105,0.0
2022-02-28T08:00:00-00:00,47.69605,0.0,48.00327,-0.30722,0.0
2022-02-28T09:00:00-00:00,46.64464,0.0,46.88375,-0.23911,0.0
2022-02-28T10:00:00-00:00,46.68211,0.0,46.92613,-0.24402,0.0
2022-02-28T11:00:00-00:00,46.18873,0.0,46.46286,-0.27413,0.0
2022-02-28T12:00:00-00:00,47.81949,0.0,48.20513,-0.38564,0.0
2022-02-28T13:00:00-00:00,56.55579,0.0,57.27169,-0.7159,0.0
2022-02-28T14:00:00-00:00,74.77235,0.0,75.34497,-0.57262,0.0
2022-02-28T15:00:00-00:00,50.91589,0.0,50.81933,0.09656,0.0
2022-02-28T16:00:00-00:00,49.14961,13.17564,35.83779,0.13618,0.0
2022-02-28T17:00:00-00:00,42.0,16.40184,25.51142,0.08674,0.0
2022-02-28T18:00:00-00:00,40.60724,19.33184,21.11912,0.15628,0.0
2022-02-28T19:00:00-00:00,34.39261,16.80094,17.47112,0.12055,0.0
2022-02-28T20:00:00-00:00,35.40601,17.63947,17.35522,0.41132,0.0
2022-02-28T21:00:00-00:00,33.27924,15.97102,17.20328,0.10494,0.0
2022-02-28T22:00:00-00:00,34.14,13.31254,20.76102,0.06644,0.0
2022-02-28T23:00:00-00:00,40.69,9.54537,31.08557,0.05906,0.0
2022-03-01T00:00:00-00:00,48.82899,0.0,48.98575,-0.15675,0.0
2022-03-01T01:00:00-00:00,73.11024,0.0,74.81604,-1.70581,0.0
2022-03-01T02:00:00-00:00,80.17484,0.0,82.45047,-2.27563,0.0
2022-03-01T03:00:00-00:00,68.24391,0.0,70.44169,-2.19778,0.0
2022-03-01T04:00:00-00:00,63.43761,0.0,65.56181,-2.1242,0.0
2022-03-01T05:00:00-00:00,58.72373,0.0,60.76545,-2.04172,0.0
2022-03-01T06:00:00-00:00,52.5867,0.0,54.38128,-1.79458,0.0
2022-03-01T07:00:00-00:00,49.13016,0.0,50.54023,-1.41007,0.0
