INTERVALSTARTTIME_GMT,LMP,MCC,MCE,MCL
2018-06-01T07:00:00-00:00,19.96309,0.0,20.63796,-0.67486
2018-06-01T08:00:00-00:00,17.91231,0.0,18.48154,-0.56923
2018-06-01T09:00:00-00:00,18.02447,0.0,18.5781,-0.5536300000000001
2018-06-01T10:00:00-00:00,17.59,0.0,18.12281,-0.53281
2018-06-01T11:00:00-00:00,20.36095,0.0,21.01234,-0.6513800000000001
2018-06-01T12:00:00-00:00,27.381090000000004,0.0,28.35068,-0.96959
2018-06-01T13:00:00-00:00,31.71552,-0.24056,32.93762,-0.98154
2018-06-01T14:00:00-00:00,21.86399,-0.34360999999999997,22.59396,-0.38636
2018-06-01T15:00:00-00:00,16.050179999999997,-0.76747,16.95841,-0.14075
2018-06-01T16:00:00-00:00,15.882520000000001,-0.41958,16.43689,-0.13477999999999998
2018-06-01T17:00:00-00:00,16.29661,-0.12292,16.536939999999998,-0.11740999999999999
2018-06-01T18:00:00-00:00,15.9716,-0.55769,16.634079999999997,-0.10479000000000001
2018-06-01T19:00:00-00:00,15.322470000000001,-0.62883,16.11569,-0.16438
2018-06-01T20:00:00-00:00,16.86618,-2.24384,19.330389999999998,-0.22036999999999998
2018-06-01T21:00:00-00:00,18.82645,-5.63978,24.74085,-0.27462
2018-06-01T22:00:00-00:00,18.70605,-7.89308,26.77585,-0.17672000000000002
2018-06-01T23:00:00-00:00,18.90656,-9.93772,28.87316,-0.02887
2018-06-02T00:00:00-00:00,21.4,-12.08865,33.57595,-0.0873
2018-06-02T01:00:00-00:00,30.5574,-6.25748,37.459179999999996,-0.6443
2018-06-02T02:00:00-00:00,44.11303,0.0,45.53368,-1.42065
2018-06-02T03:00:00-00:00,53.86264,-0.89086,56.522659999999995,-1.7691599999999998
2018-06-02T04:00:00-00:00,42.851290000000006,-0.64907,44.88275,-1.38239
2018-06-02T05:00:00-00:00,32.290420000000005,0.0,33.35787,-1.06745
2018-06-02T06:00:00-00:00,28.55555,0.0,29.54226,-0.9867100000000001
2018-06-02T07:00:00-00:00,30.362059999999996,0.0,31.545,-1.1829399999999999
2018-06-02T08:00:00-00:00,26.235670000000002,0.0,27.20978,-0.97411
2018-06-02T09:00:00-00:00,26.12761,0.0,27.02763,-0.90002
2018-06-02T10:00:00-00:00,25.921979999999998,0.0,26.823240000000002,-0.9012600000000001
2018-06-02T11:00:00-00:00,25.81083,0.0,26.730359999999997,-0.9195200000000001
2018-06-02T12:00:00-00:00,30.517459999999996,0.0,31.67026,-1.1528
2018-06-02T13:00:00-00:00,20.01018,-0.004220000000000001,20.54445,-0.53005
2018-06-02T14:00:00-00:00,10.420739999999999,-0.6169899999999999,11.16049,-0.12277
2018-06-02T15:00:00-00:00,6.87465,-0.34401,7.184889999999999,0.03377
2018-06-02T16:00:00-00:00,10.48643,-0.60402,11.037460000000001,0.05297999999999999
2018-06-02T17:00:00-00:00,10.59141,-0.32232,10.85727,0.05646
2018-06-02T18:00:00-00:00,15.095529999999998,0.0,15.054879999999999,0.04065
2018-06-02T19:00:00-00:00,21.015420000000002,-0.00064,21.07718,-0.06112000000000001
2018-06-02T20:00:00-00:00,25.93398,-1.36766,27.46091,-0.15927
2018-06-02T21:00:00-00:00,28.51173,-1.94039,30.716279999999998,-0.26416
2018-06-02T22:00:00-00:00,31.97545,-1.7478200000000002,33.87912,-0.15584
2018-06-02T23:00:00-00:00,34.34672,-2.82445,37.55802,-0.38685
2018-06-03T00:00:00-00:00,33.7609,-7.9558100000000005,42.04466,-0.32795
2018-06-03T01:00:00-00:00,36.13113,-7.1453,43.953309999999995,-0.67688
2018-06-03T02:00:00-00:00,55.31221,0.0,56.7654,-1.45319
2018-06-03T03:00:00-00:00,57.44931999999999,0.0,59.04956,-1.6002399999999999
2018-06-03T04:00:00-00:00,47.825379999999996,0.0,49.228390000000005,-1.40301
2018-06-03T05:00:00-00:00,33.22,0.0,34.45701,-1.23701
2018-06-03T06:00:00-00:00,26.79993,0.0,27.75181,-0.95189
2018-06-03T07:00:00-00:00,26.68805,0.0,27.45402,-0.7659699999999999
2018-06-03T08:00:00-00:00,24.03667,0.0,24.67324,-0.63657
2018-06-03T09:00:00-00:00,20.448729999999998,0.0,20.9623,-0.51358
2018-06-03T10:00:00-00:00,19.607429999999997,-0.040999999999999995,20.11511,-0.46667
2018-06-03T11:00:00-00:00,20.275170000000003,0.0,20.74611,-0.47093999999999997
2018-06-03T12:00:00-00:00,18.58351,-0.59191,19.6671,-0.49168
2018-06-03T13:00:00-00:00,12.60638,-2.45953,15.282929999999999,-0.21702
2018-06-03T14:00:00-00:00,1.69042,-1.02285,2.71408,-0.00081
2018-06-03T15:00:00-00:00,0.8608,-1.03827,1.87785,0.02122
2018-06-03T16:00:00-00:00,2.57614,-0.11882999999999999,2.6674900000000004,0.02748
2018-06-03T17:00:00-00:00,6.17839,-0.3904,6.53481,0.03398
2018-06-03T18:00:00-00:00,8.57435,-0.34129,8.91741,-0.0017800000000000001
2018-06-03T19:00:00-00:00,17.9268,-0.0059299999999999995,18.01923,-0.08649
2018-06-03T20:00:00-00:00,23.84928,-1.26909,25.356720000000003,-0.23835
2018-06-03T21:00:00-00:00,24.18533,-1.83962,26.306420000000003,-0.28148
2018-06-03T22:00:00-00:00,30.597590000000004,-1.28375,32.23919,-0.35786
2018-06-03T23:00:00-00:00,27.4874,-6.7708699999999995,34.41312,-0.15486
2018-06-04T00:00:00-00:00,28.812359999999998,-8.88208,37.823029999999996,-0.1286
2018-06-04T01:00:00-00:00,35.799609999999994,-8.882539999999999,45.52899,-0.8468399999999999
2018-06-04T02:00:00-00:00,57.439209999999996,0.0,59.36869,-1.9294799999999999
2018-06-04T03:00:00-00:00,59.70636,0.0,61.769459999999995,-2.0631
2018-06-04T04:00:00-00:00,45.028909999999996,-0.36491,47.04022,-1.64641
2018-06-04T05:00:00-00:00,31.640520000000002,-0.007259999999999999,32.90132,-1.2535399999999999
2018-06-04T06:00:00-00:00,26.94019,0.0,28.091959999999997,-1.1517700000000002
2018-06-04T07:00:00-00:00,24.88916,0.0,25.77585,-0.88669
2018-06-04T08:00:00-00:00,23.86167,0.0,24.549039999999998,-0.68737
2018-06-04T09:00:00-00:00,20.9328,0.0,21.52915,-0.59636
2018-06-04T10:00:00-00:00,18.45734,0.0,19.00467,-0.54733
2018-06-04T11:00:00-00:00,21.70875,0.0,22.45655,-0.7478
2018-06-04T12:00:00-00:00,28.51485,0.0,29.40888,-0.8940299999999999
2018-06-04T13:00:00-00:00,29.562179999999998,-0.31793000000000005,30.690340000000003,-0.8102199999999999
2018-06-04T14:00:00-00:00,19.91355,-0.72147,20.85398,-0.21896999999999997
2018-06-04T15:00:00-00:00,15.948789999999999,-1.9213799999999999,17.94013,-0.06997
2018-06-04T16:00:00-00:00,15.75584,-4.06958,19.90904,-0.08362
2018-06-04T17:00:00-00:00,17.32687,-4.70411,22.21986,-0.18887
2018-06-04T18:00:00-00:00,20.543870000000002,-5.84741,26.73889,-0.34761
2018-06-04T19:00:00-00:00,25.444229999999997,-4.038530000000001,30.05685,-0.57409
2018-06-04T20:00:00-00:00,26.05002,-8.54703,35.04919,-0.45213000000000003
2018-06-04T21:00:00-00:00,26.96315,-14.8242,42.627109999999995,-0.83975
2018-06-04T22:00:00-00:00,29.1162,-15.96066,45.921820000000004,-0.84496
2018-06-04T23:00:00-00:00,29.82723,-16.84896,47.594770000000004,-0.91858
2018-06-05T00:00:00-00:00,29.87663,-14.22834,45.08328,-0.97831
2018-06-05T01:00:00-00:00,34.764109999999995,-14.232729999999998,51.0118,-2.01497
2018-06-05T02:00:00-00:00,67.75404,-1.2541,73.01675999999999,-4.00862
2018-06-05T03:00:00-00:00,55.58653,-1.09309,59.65019,-2.97058
2018-06-05T04:00:00-00:00,43.68495,-0.93189,46.97005,-2.3532
2018-06-05T05:00:00-00:00,31.62169,-0.45655,33.63909,-1.56085
2018-06-05T06:00:00-00:00,26.6334,-0.8759600000000001,28.814659999999996,-1.3053
2018-06-05T07:00:00-00:00,27.04611,0.0,27.937309999999997,-0.8912
2018-06-05T08:00:00-00:00,21.95231,0.0,22.70851,-0.7561899999999999
2018-06-05T09:00:00-00:00,20.91911,0.0,21.5839,-0.66478
2018-06-05T10:00:00-00:00,19.52337,0.0,20.16668,-0.64332
2018-06-05T11:00:00-00:00,21.45111,0.0,22.22222,-0.7711100000000001
2018-06-05T12:00:00-00:00,28.180870000000002,0.0,29.16972,-0.98885
2018-06-05T13:00:00-00:00,32.77802,-0.89292,34.76607,-1.09513
2018-06-05T14:00:00-00:00,26.15421,-0.98865,27.776159999999997,-0.6333
2018-06-05T15:00:00-00:00,18.78217,-1.00728,20.00955,-0.22011
2018-06-05T16:00:00-00:00,18.00088,-1.16992,19.40757,-0.23676999999999998
2018-06-05T17:00:00-00:00,19.8191,-1.54207,21.635939999999998,-0.27478
2018-06-05T18:00:00-00:00,19.964370000000002,-3.74835,24.14245,-0.42973999999999996
2018-06-05T19:00:00-00:00,19.890620000000002,-2.53653,22.97629,-0.54913
2018-06-05T20:00:00-00:00,21.57153,-6.69602,28.96265,-0.6951
2018-06-05T21:00:00-00:00,26.02308,-3.0087099999999998,29.966759999999997,-0.93496
2018-06-05T22:00:00-00:00,25.10511,-6.781610000000001,32.90344,-1.01672
2018-06-05T23:00:00-00:00,29.40703,-4.482130000000001,35.18759,-1.2984200000000001
2018-06-06T00:00:00-00:00,31.042340000000003,-3.70701,36.48225,-1.73291
2018-06-06T01:00:00-00:00,38.16709,-1.35122,42.134890000000006,-2.61658
2018-06-06T02:00:00-00:00,52.82593000000001,-0.73134,56.77049,-3.2132099999999997
2018-06-06T03:00:00-00:00,48.211909999999996,-1.01136,52.19858,-2.97532
2018-06-06T04:00:00-00:00,38.01763,-0.44421000000000005,40.46485,-2.0030099999999997
2018-06-06T05:00:00-00:00,28.8008,-0.24778000000000003,30.449240000000003,-1.40067
2018-06-06T06:00:00-00:00,26.087529999999997,-0.81725,28.05797,-1.1531799999999999
2018-06-06T07:00:00-00:00,22.63168,-1.15778,24.76521,-0.97575
2018-06-06T08:00:00-00:00,20.28742,-0.9811200000000001,22.1409,-0.87235
2018-06-06T09:00:00-00:00,19.34915,-0.80024,20.94531,-0.79592
2018-06-06T10:00:00-00:00,18.704629999999998,-0.74876,20.22392,-0.77053
2018-06-06T11:00:00-00:00,20.498160000000002,-0.60565,21.9557,-0.85188
2018-06-06T12:00:00-00:00,25.33239,0.0,26.3879,-1.05552
2018-06-06T13:00:00-00:00,32.64463,-0.16804000000000002,33.9114,-1.09873
2018-06-06T14:00:00-00:00,28.757609999999996,-1.29226,30.90915,-0.8592700000000001
2018-06-06T15:00:00-00:00,24.5273,-0.20326,25.19414,-0.46357
2018-06-06T16:00:00-00:00,24.270979999999998,-0.22665,24.92129,-0.42366000000000004
2018-06-06T17:00:00-00:00,24.32949,-0.10682,24.8665,-0.43018999999999996
2018-06-06T18:00:00-00:00,23.86283,0.0,24.32005,-0.45721999999999996
2018-06-06T19:00:00-00:00,22.2122,0.0,22.6378,-0.42558999999999997
2018-06-06T20:00:00-00:00,23.86504,-0.05075,24.36658,-0.45078
2018-06-06T21:00:00-00:00,23.21724,-0.7739199999999999,24.52081,-0.52965
2018-06-06T22:00:00-00:00,24.2808,0.0,25.06276,-0.78196
2018-06-06T23:00:00-00:00,24.6668,0.0,25.43494,-0.7681399999999999
2018-06-07T00:00:00-00:00,29.635559999999998,-0.80101,31.62241,-1.18584
2018-06-07T01:00:00-00:00,38.25291,-1.16254,40.938359999999996,-1.52291
2018-06-07T02:00:00-00:00,50.013659999999994,-1.48122,53.59026,-2.09538
2018-06-07T03:00:00-00:00,47.8146,-0.90071,50.80863,-2.0933200000000003
2018-06-07T04:00:00-00:00,39.55702,-1.0929799999999998,42.476490000000005,-1.8264900000000002
2018-06-07T05:00:00-00:00,27.99359,-0.12433,29.32922,-1.2113
2018-06-07T06:00:00-00:00,23.60699,-0.13502999999999998,24.78032,-1.0383
2018-06-07T07:00:00-00:00,19.44605,-0.84629,21.0305,-0.73817
2018-06-07T08:00:00-00:00,17.49888,-0.70336,18.80591,-0.6036699999999999
2018-06-07T09:00:00-00:00,18.479860000000002,-0.80118,19.87531,-0.59427
2018-06-07T10:00:00-00:00,17.239539999999998,-0.69209,18.4767,-0.54506
2018-06-07T11:00:00-00:00,18.19451,-0.7549899999999999,19.58605,-0.63655
2018-06-07T12:00:00-00:00,22.2993,-0.4425,23.677039999999998,-0.93524
2018-06-07T13:00:00-00:00,26.4971,-0.9653700000000001,28.34982,-0.88735
2018-06-07T14:00:00-00:00,22.63628,-1.20177,24.34938,-0.51134
2018-06-07T15:00:00-00:00,17.57,-0.28678000000000003,17.99171,-0.13494
2018-06-07T16:00:00-00:00,18.21419,-0.25559,18.637520000000002,-0.16774
2018-06-07T17:00:00-00:00,17.51786,-0.030869999999999998,17.71347,-0.16474
2018-06-07T18:00:00-00:00,17.33633,0.0,17.55578,-0.21945
2018-06-07T19:00:00-00:00,16.64732,0.0,16.95591,-0.3086
2018-06-07T20:00:00-00:00,17.181379999999997,0.0,17.51236,-0.33098
2018-06-07T21:00:00-00:00,17.94139,0.0,18.3506,-0.40922
2018-06-07T22:00:00-00:00,18.96678,0.0,19.41329,-0.44651
2018-06-07T23:00:00-00:00,19.33255,0.0,19.80388,-0.47133
2018-06-08T00:00:00-00:00,24.77339,-0.68596,26.24675,-0.7874
2018-06-08T01:00:00-00:00,32.60836,0.0,34.26328,-1.6549200000000002
2018-06-08T02:00:00-00:00,43.19263,0.0,45.68231,-2.48969
2018-06-08T03:00:00-00:00,46.49645,-0.8759299999999999,50.1295,-2.75712
2018-06-08T04:00:00-00:00,39.803670000000004,-0.07151,41.98271,-2.10753
2018-06-08T05:00:00-00:00,28.473240000000004,-0.45474,30.287909999999997,-1.3599299999999999
2018-06-08T06:00:00-00:00,23.05249,0.0,23.96807,-0.91558
2018-06-08T07:00:00-00:00,21.28334,0.0,21.93028,-0.64694
2018-06-08T08:00:00-00:00,18.12087,0.0,18.59504,-0.47417
2018-06-08T09:00:00-00:00,17.38215,0.0,17.79318,-0.41102
2018-06-08T10:00:00-00:00,17.08219,0.0,17.48791,-0.40571999999999997
2018-06-08T11:00:00-00:00,19.515629999999998,0.0,20.12128,-0.60565
2018-06-08T12:00:00-00:00,23.25275,0.0,24.071170000000002,-0.81842
2018-06-08T13:00:00-00:00,27.878690000000002,-0.09219,28.71753,-0.74666
2018-06-08T14:00:00-00:00,20.947029999999998,-0.2908,21.413420000000002,-0.17559
2018-06-08T15:00:00-00:00,19.81831,-0.16701,19.991310000000002,-0.006
2018-06-08T16:00:00-00:00,20.76203,-0.04865,20.85866,-0.04797
2018-06-08T17:00:00-00:00,21.84165,0.0,21.88981,-0.04816
2018-06-08T18:00:00-00:00,22.80226,0.0,22.9931,-0.19084
2018-06-08T19:00:00-00:00,24.9782,0.0,25.52964,-0.5514399999999999
2018-06-08T20:00:00-00:00,25.081310000000002,0.0,25.74555,-0.6642399999999999
2018-06-08T21:00:00-00:00,25.22022,0.0,25.97077,-0.75056
2018-06-08T22:00:00-00:00,28.021720000000002,-1.75063,30.801109999999998,-1.0287600000000001
2018-06-08T23:00:00-00:00,26.843529999999998,0.0,27.70802,-0.86449
2018-06-09T00:00:00-00:00,30.32279,-1.28158,32.70319,-1.09883
2018-06-09T01:00:00-00:00,36.862840000000006,0.0,38.66867,-1.8058299999999998
2018-06-09T02:00:00-00:00,48.30627,0.0,50.91302,-2.60675
2018-06-09T03:00:00-00:00,44.64926,-0.31732,47.11997,-2.15338
2018-06-09T04:00:00-00:00,39.041309999999996,0.0,40.79551,-1.7542099999999998
2018-06-09T05:00:00-00:00,30.098779999999998,0.0,31.300720000000002,-1.20195
2018-06-09T06:00:00-00:00,26.12311,0.0,27.09023,-0.9671200000000001
2018-06-09T07:00:00-00:00,26.413359999999997,0.0,27.18263,-0.76927
2018-06-09T08:00:00-00:00,22.64576,0.0,23.31489,-0.66914
2018-06-09T09:00:00-00:00,19.63738,0.0,20.093510000000002,-0.45611999999999997
2018-06-09T10:00:00-00:00,19.85527,0.0,20.32685,-0.47158
2018-06-09T11:00:00-00:00,18.80806,0.0,19.27846,-0.47039
2018-06-09T12:00:00-00:00,15.797379999999999,-0.15454,16.431729999999998,-0.47981
2018-06-09T13:00:00-00:00,12.99003,-0.32133,13.56088,-0.24952
2018-06-09T14:00:00-00:00,3.8258900000000002,-0.8737,4.708069999999999,-0.00847
2018-06-09T15:00:00-00:00,0.99034,-0.30517,1.2886799999999998,0.00683
2018-06-09T16:00:00-00:00,0.85872,-0.39463000000000004,1.2407,0.01266
2018-06-09T17:00:00-00:00,1.26135,-0.61534,1.8605099999999999,0.01619
2018-06-09T18:00:00-00:00,4.0241,-0.14489000000000002,4.1565199999999995,0.01247
2018-06-09T19:00:00-00:00,5.97909,0.0,6.01276,-0.03367
2018-06-09T20:00:00-00:00,6.8975100000000005,-0.30165,7.26675,-0.06758
2018-06-09T21:00:00-00:00,6.34089,-2.3954,8.87113,-0.13484000000000002
2018-06-09T22:00:00-00:00,9.22996,-1.46801,10.94533,-0.24736
2018-06-09T23:00:00-00:00,14.69259,-0.68362,15.78829,-0.41207
2018-06-10T00:00:00-00:00,20.745279999999998,-0.875,22.24081,-0.62052
2018-06-10T01:00:00-00:00,33.1301,-1.38932,36.146,-1.62657
2018-06-10T02:00:00-00:00,40.680890000000005,-0.65383,43.473620000000004,-2.1389
2018-06-10T03:00:00-00:00,45.171240000000004,-0.64699,47.77211,-1.9538799999999998
2018-06-10T04:00:00-00:00,40.97996,0.0,42.4971,-1.51715
2018-06-10T05:00:00-00:00,31.24737,0.0,32.18392,-0.93655
2018-06-10T06:00:00-00:00,24.87596,0.0,25.642670000000003,-0.76672
2018-06-10T07:00:00-00:00,17.88501,-0.05559,18.340410000000002,-0.39982
2018-06-10T08:00:00-00:00,14.851729999999998,-0.11789000000000001,15.242460000000001,-0.27284
2018-06-10T09:00:00-00:00,15.42636,-0.07021000000000001,15.78544,-0.28886999999999996
2018-06-10T10:00:00-00:00,12.18528,-0.09367,12.47481,-0.19585
2018-06-10T11:00:00-00:00,12.56432,-0.13706,12.92235,-0.22096999999999997
2018-06-10T12:00:00-00:00,10.20749,0.0,10.37452,-0.16702999999999998
2018-06-10T13:00:00-00:00,3.7099300000000004,0.0,3.7443800000000005,-0.03445
2018-06-10T14:00:00-00:00,-2.1541900000000003,-0.2416,-1.89252,-0.020059999999999998
2018-06-10T15:00:00-00:00,-5.403490000000001,-0.30982,-5.00606,-0.08761000000000001
2018-06-10T16:00:00-00:00,-5.39185,-0.50581,-4.81811,-0.06794
2018-06-10T17:00:00-00:00,-4.99266,-0.35665,-4.58557,-0.05044
2018-06-10T18:00:00-00:00,-2.1714599999999997,-0.16689,-1.9959900000000002,-0.008579999999999999
2018-06-10T19:00:00-00:00,-0.215,-0.10957,-0.1058,0.00037
2018-06-10T20:00:00-00:00,-0.0371,-0.23348000000000002,0.19751,-0.0011300000000000001
2018-06-10T21:00:00-00:00,0.28081,-0.09034,0.37768,-0.006529999999999999
2018-06-10T22:00:00-00:00,5.12996,0.0,5.25126,-0.1213
2018-06-10T23:00:00-00:00,9.46567,-0.25235,9.930539999999999,-0.21251
2018-06-11T00:00:00-00:00,18.78108,-0.65537,20.03964,-0.60319
2018-06-11T01:00:00-00:00,30.74015,0.0,32.33083,-1.5906799999999999
2018-06-11T02:00:00-00:00,40.3481,0.0,42.52988,-2.18178
2018-06-11T03:00:00-00:00,42.23106,0.0,44.379,-2.14794
2018-06-11T04:00:00-00:00,36.25251,0.0,37.6532,-1.4007
2018-06-11T05:00:00-00:00,27.55883,0.0,28.695159999999998,-1.1363299999999998
2018-06-11T06:00:00-00:00,20.3449,0.0,20.89872,-0.55382
2018-06-11T07:00:00-00:00,22.39957,0.0,23.08282,-0.68325
2018-06-11T08:00:00-00:00,20.20252,0.0,20.77593,-0.5734199999999999
2018-06-11T09:00:00-00:00,18.45724,0.0,18.96552,-0.5082800000000001
2018-06-11T10:00:00-00:00,19.000970000000002,0.0,19.4742,-0.47322
2018-06-11T11:00:00-00:00,21.11009,0.0,21.69811,-0.58802
2018-06-11T12:00:00-00:00,26.50408,0.0,27.41423,-0.91015
2018-06-11T13:00:00-00:00,28.2503,-0.11902,29.05204,-0.68272
2018-06-11T14:00:00-00:00,25.76895,-0.23068000000000002,26.169729999999998,-0.1701
2018-06-11T15:00:00-00:00,23.386999999999997,-0.23571999999999999,23.653470000000002,-0.03075
2018-06-11T16:00:00-00:00,22.67696,-0.2278,23.0106,-0.10585
2018-06-11T17:00:00-00:00,23.58802,-1.8426900000000002,25.66685,-0.23614000000000002
2018-06-11T18:00:00-00:00,24.46067,-3.63184,28.40209,-0.30958
2018-06-11T19:00:00-00:00,24.95017,-5.23776,30.772609999999997,-0.58468
2018-06-11T20:00:00-00:00,25.24626,-5.5852,31.383809999999997,-0.5523600000000001
2018-06-11T21:00:00-00:00,24.53131,-12.40923,37.8722,-0.93166
2018-06-11T22:00:00-00:00,26.12944,-10.628110000000001,37.75038,-0.99284
2018-06-11T23:00:00-00:00,27.381190000000004,-15.14691,43.69475,-1.16665
2018-06-12T00:00:00-00:00,32.715270000000004,-10.86684,44.90224,-1.32013
2018-06-12T01:00:00-00:00,35.47514,-13.1861,50.400040000000004,-1.7388
2018-06-12T02:00:00-00:00,60.69305,-0.8254600000000001,64.76996,-3.25145
2018-06-12T03:00:00-00:00,49.59,-0.9381799999999999,52.82059,-2.29241
2018-06-12T04:00:00-00:00,42.8366,-1.09391,45.846920000000004,-1.9164
2018-06-12T05:00:00-00:00,30.674609999999998,-0.62348,32.64297,-1.34489
2018-06-12T06:00:00-00:00,27.31918,-0.53686,29.06516,-1.2091100000000001
2018-06-12T07:00:00-00:00,30.049190000000003,0.0,30.97855,-0.9293600000000001
2018-06-12T08:00:00-00:00,25.32864,0.0,25.84292,-0.51427
2018-06-12T09:00:00-00:00,23.771379999999997,0.0,24.23178,-0.4604
2018-06-12T10:00:00-00:00,22.73668,0.0,23.15344,-0.41676
2018-06-12T11:00:00-00:00,24.32336,0.0,24.75156,-0.4282
2018-06-12T12:00:00-00:00,27.635,0.0,28.294259999999998,-0.6592600000000001
2018-06-12T13:00:00-00:00,31.69521,0.0,32.66537,-0.97016
2018-06-12T14:00:00-00:00,27.26241,-0.37592,28.1765,-0.53817
2018-06-12T15:00:00-00:00,24.72397,-0.037739999999999996,25.05232,-0.29061
2018-06-12T16:00:00-00:00,25.53612,-0.08829,25.97245,-0.34803
2018-06-12T17:00:00-00:00,26.39905,-0.10212,26.937559999999998,-0.43638999999999994
2018-06-12T18:00:00-00:00,27.61285,-1.3559999999999999,29.638679999999997,-0.66983
2018-06-12T19:00:00-00:00,32.69102,-1.28155,35.20838,-1.23581
2018-06-12T20:00:00-00:00,31.0192,-5.77613,38.252759999999995,-1.45743
2018-06-12T21:00:00-00:00,34.4809,-5.6805699999999995,41.7696,-1.6081299999999998
2018-06-12T22:00:00-00:00,34.61956,-5.5930599999999995,41.87942,-1.6668
2018-06-12T23:00:00-00:00,38.325379999999996,-8.17094,48.41853,-1.92222
2018-06-13T00:00:00-00:00,45.12845,-9.53308,57.03415,-2.37262
2018-06-13T01:00:00-00:00,55.28354,-2.99024,61.665380000000006,-3.3916
2018-06-13T02:00:00-00:00,85.16968,-0.82968,91.49842,-5.49905
2018-06-13T03:00:00-00:00,61.90014,-0.6434,66.07876,-3.5352099999999997
2018-06-13T04:00:00-00:00,48.6966,-0.37585,51.34175,-2.26931
2018-06-13T05:00:00-00:00,33.59346,0.0,34.90955,-1.31609
2018-06-13T06:00:00-00:00,30.355759999999997,0.0,31.34954,-0.9937799999999999
2018-06-13T07:00:00-00:00,28.7931,0.0,29.507170000000002,-0.71407
2018-06-13T08:00:00-00:00,25.9831,0.0,26.39217,-0.40908
2018-06-13T09:00:00-00:00,23.9882,0.0,24.28201,-0.29381
2018-06-13T10:00:00-00:00,23.66096,0.0,23.96047,-0.29951
2018-06-13T11:00:00-00:00,24.23721,0.0,24.56889,-0.33168000000000003
2018-06-13T12:00:00-00:00,26.375890000000002,0.0,26.969209999999997,-0.59332
2018-06-13T13:00:00-00:00,28.995659999999997,0.0,29.63277,-0.6371
2018-06-13T14:00:00-00:00,26.301820000000003,-0.18247,26.67098,-0.1867
2018-06-13T15:00:00-00:00,23.77095,-0.04359,23.85031,-0.03578
2018-06-13T16:00:00-00:00,25.29682,-0.34751,25.77319,-0.12887
2018-06-13T17:00:00-00:00,26.29308,-0.60832,27.2806,-0.3792
2018-06-13T18:00:00-00:00,28.66054,-2.0815,31.2007,-0.45865
2018-06-13T19:00:00-00:00,30.30374,-1.49837,32.647690000000004,-0.8455799999999999
2018-06-13T20:00:00-00:00,31.90288,-7.09227,40.188759999999995,-1.19361
2018-06-13T21:00:00-00:00,32.49883,-6.21931,39.65803,-0.9399
2018-06-13T22:00:00-00:00,35.36427,-5.5740300000000005,41.9837,-1.04539
2018-06-13T23:00:00-00:00,39.355740000000004,-7.173019999999999,47.70713,-1.1783700000000001
2018-06-14T00:00:00-00:00,49.87486,-2.57165,53.962869999999995,-1.51636
2018-06-14T01:00:00-00:00,64.607,-0.55747,67.51395,-2.3494900000000003
2018-06-14T02:00:00-00:00,93.33666,0.0,97.20543,-3.86878
2018-06-14T03:00:00-00:00,67.69312,-0.46781000000000006,70.47243,-2.3115
2018-06-14T04:00:00-00:00,49.76656,-0.49038000000000004,51.95053,-1.6935900000000002
2018-06-14T05:00:00-00:00,34.66382,0.0,35.82454,-1.1607100000000001
2018-06-14T06:00:00-00:00,31.531709999999997,-0.75634,33.2421,-0.95405
2018-06-14T07:00:00-00:00,28.9198,-0.50665,30.236790000000003,-0.81035
2018-06-14T08:00:00-00:00,28.0864,-0.46593,29.126109999999997,-0.5737800000000001
2018-06-14T09:00:00-00:00,25.43132,-0.33983,26.23017,-0.45903
2018-06-14T10:00:00-00:00,24.31541,-0.24991999999999998,25.0974,-0.5320600000000001
2018-06-14T11:00:00-00:00,25.1381,-0.31635,25.92631,-0.47186000000000006
2018-06-14T12:00:00-00:00,28.67238,0.0,29.45591,-0.7835300000000001
2018-06-14T13:00:00-00:00,30.022890000000004,-0.02999,30.763509999999997,-0.7106399999999999
2018-06-14T14:00:00-00:00,28.4181,-0.24905,28.994790000000002,-0.32764
2018-06-14T15:00:00-00:00,25.545,0.0,25.57314,-0.028130000000000002
2018-06-14T16:00:00-00:00,25.91571,-0.02424,25.96331,-0.02337
2018-06-14T17:00:00-00:00,26.39913,0.0,26.612029999999997,-0.2129
2018-06-14T18:00:00-00:00,27.878890000000002,-1.64447,29.99427,-0.47091000000000005
2018-06-14T19:00:00-00:00,29.175179999999997,-2.32182,32.30792,-0.81093
2018-06-14T20:00:00-00:00,29.51277,-8.701319999999999,39.12972,-0.91564
2018-06-14T21:00:00-00:00,30.30075,-8.27214,39.63919,-1.06629
2018-06-14T22:00:00-00:00,32.583290000000005,-5.9958599999999995,39.8298,-1.25066
2018-06-14T23:00:00-00:00,33.90775,-5.25125,40.88006,-1.72105
2018-06-15T00:00:00-00:00,37.38093,-6.57295,45.89045,-1.93658
2018-06-15T01:00:00-00:00,48.9933,-0.19655999999999998,51.81153,-2.62166
2018-06-15T02:00:00-00:00,70.89,0.0,74.62105,-3.73105
2018-06-15T03:00:00-00:00,53.29713,0.0,55.8319,-2.53477
2018-06-15T04:00:00-00:00,42.65652,0.0,44.4663,-1.80978
2018-06-15T05:00:00-00:00,32.499320000000004,-0.45075,34.074529999999996,-1.12446
2018-06-15T06:00:00-00:00,30.70305,0.0,31.695109999999996,-0.99206
2018-06-15T07:00:00-00:00,29.78577,0.0,30.47138,-0.68561
2018-06-15T08:00:00-00:00,28.300279999999997,0.0,28.94577,-0.64549
2018-06-15T09:00:00-00:00,27.351440000000004,0.0,27.88402,-0.53258
2018-06-15T10:00:00-00:00,25.98177,0.0,26.45532,-0.47355
2018-06-15T11:00:00-00:00,26.97366,0.0,27.47928,-0.50562
2018-06-15T12:00:00-00:00,28.255670000000002,0.0,28.93565,-0.67999
2018-06-15T13:00:00-00:00,29.588209999999997,0.0,30.1367,-0.5484899999999999
2018-06-15T14:00:00-00:00,28.056520000000003,0.0,28.365709999999996,-0.30919
2018-06-15T15:00:00-00:00,25.75795,0.0,25.799229999999998,-0.041280000000000004
2018-06-15T16:00:00-00:00,25.35172,0.0,25.428,-0.07628
2018-06-15T17:00:00-00:00,25.72428,0.0,25.9004,-0.17612
2018-06-15T18:00:00-00:00,26.466209999999997,0.0,26.852890000000002,-0.38668
2018-06-15T19:00:00-00:00,26.95399,0.0,27.54905,-0.59506
2018-06-15T20:00:00-00:00,28.44882,-1.7385099999999998,31.047340000000002,-0.86001
2018-06-15T21:00:00-00:00,27.665370000000003,-1.6189,30.271109999999997,-0.9868399999999999
2018-06-15T22:00:00-00:00,29.59445,-2.01859,32.65136,-1.03831
2018-06-15T23:00:00-00:00,31.39343,-0.6762,33.198370000000004,-1.1287399999999999
2018-06-16T00:00:00-00:00,32.15197,-0.8604,34.31995,-1.30759
2018-06-16T01:00:00-00:00,38.24565,-0.37253000000000003,40.26082,-1.64264
2018-06-16T02:00:00-00:00,48.8165,-0.14297,50.96759,-2.00812
2018-06-16T03:00:00-00:00,45.71072,-0.42678,48.03487,-1.8973799999999998
2018-06-16T04:00:00-00:00,40.31536,0.0,41.61801,-1.30264
2018-06-16T05:00:00-00:00,31.64483,0.0,32.543009999999995,-0.8981899999999999
2018-06-16T06:00:00-00:00,28.9058,0.0,29.50474,-0.59895
2018-06-16T07:00:00-00:00,29.573559999999997,0.0,30.06666,-0.49309
2018-06-16T08:00:00-00:00,27.30722,0.0,27.907220000000002,-0.60001
2018-06-16T09:00:00-00:00,25.4375,0.0,25.96193,-0.5244300000000001
2018-06-16T10:00:00-00:00,24.98965,0.0,25.44511,-0.45547
2018-06-16T11:00:00-00:00,25.103379999999998,0.0,25.54791,-0.44453000000000004
2018-06-16T12:00:00-00:00,26.12154,0.0,26.597640000000002,-0.4761
2018-06-16T13:00:00-00:00,27.12903,0.0,27.45297,-0.32395
2018-06-16T14:00:00-00:00,24.68971,-0.14054,24.98264,-0.15239
2018-06-16T15:00:00-00:00,20.46902,0.0,20.44449,0.02453
2018-06-16T16:00:00-00:00,18.653470000000002,-0.09904,18.70948,0.04303
2018-06-16T17:00:00-00:00,13.10721,0.0,13.036810000000001,0.0704
2018-06-16T18:00:00-00:00,10.71508,0.10052,10.55754,0.057010000000000005
2018-06-16T19:00:00-00:00,12.97558,1.00171,11.90601,0.06786
2018-06-16T20:00:00-00:00,11.34564,0.0,11.27798,0.06767000000000001
2018-06-16T21:00:00-00:00,9.80735,0.0,9.79657,0.01078
2018-06-16T22:00:00-00:00,13.20545,0.0,13.278479999999998,-0.07303
2018-06-16T23:00:00-00:00,18.862579999999998,0.0,18.99172,-0.12914
2018-06-17T00:00:00-00:00,24.16217,0.0,24.50773,-0.34556
2018-06-17T01:00:00-00:00,30.25362,0.0,30.867890000000003,-0.61427
2018-06-17T02:00:00-00:00,39.96581,0.0,40.998979999999996,-1.0331700000000001
2018-06-17T03:00:00-00:00,43.48885,0.0,44.59023,-1.10138
2018-06-17T04:00:00-00:00,40.77158,0.0,41.64615,-0.8745700000000001
2018-06-17T05:00:00-00:00,33.29475,0.0,33.943059999999996,-0.64831
2018-06-17T06:00:00-00:00,26.33884,0.0,26.832559999999997,-0.49372
2018-06-17T07:00:00-00:00,23.338620000000002,0.0,23.80764,-0.46901000000000004
2018-06-17T08:00:00-00:00,22.00911,0.0,22.44454,-0.43542
2018-06-17T09:00:00-00:00,22.42151,0.0,22.90714,-0.48563
2018-06-17T10:00:00-00:00,24.15285,0.0,24.65331,-0.50046
2018-06-17T11:00:00-00:00,24.48465,0.0,25.02264,-0.53799
2018-06-17T12:00:00-00:00,25.77156,0.0,26.28947,-0.5179
2018-06-17T13:00:00-00:00,15.54388,0.0,15.764579999999999,-0.2207
2018-06-17T14:00:00-00:00,5.17479,0.0,5.186719999999999,-0.01193
2018-06-17T15:00:00-00:00,0.11109000000000001,-0.04732,0.15634,0.00206
2018-06-17T16:00:00-00:00,0.01107,-0.43778999999999996,0.44088,0.00798
2018-06-17T17:00:00-00:00,-0.045160000000000006,0.25633,-0.29694,-0.00454
2018-06-17T18:00:00-00:00,-0.01872,0.55547,-0.5665399999999999,-0.00765
2018-06-17T19:00:00-00:00,-0.051570000000000005,0.0,-0.05088,-0.0006900000000000001
2018-06-17T20:00:00-00:00,-0.05325,0.0,-0.0526,-0.00064
2018-06-17T21:00:00-00:00,-0.10708,0.0,-0.10617,-0.00091
2018-06-17T22:00:00-00:00,0.85555,0.0,0.8513799999999999,0.00417
2018-06-17T23:00:00-00:00,8.43586,0.0,8.39807,0.03779
2018-06-18T00:00:00-00:00,13.10374,0.0,13.176210000000001,-0.07247
2018-06-18T01:00:00-00:00,27.131420000000002,0.0,27.74457,-0.61316
2018-06-18T02:00:00-00:00,36.35842,0.0,37.57588,-1.21746
2018-06-18T03:00:00-00:00,42.390570000000004,-0.48436999999999997,44.36562,-1.49068
2018-06-18T04:00:00-00:00,36.12542,0.0,37.1852,-1.05978
2018-06-18T05:00:00-00:00,28.877029999999998,0.0,29.748659999999997,-0.87164
2018-06-18T06:00:00-00:00,24.52272,0.0,25.13861,-0.6159
2018-06-18T07:00:00-00:00,20.59008,0.0,20.9739,-0.38382
2018-06-18T08:00:00-00:00,17.694010000000002,0.0,17.97624,-0.28223000000000004
2018-06-18T09:00:00-00:00,16.407120000000003,0.0,16.62827,-0.22116
2018-06-18T10:00:00-00:00,16.435679999999998,0.0,16.636979999999998,-0.20131
2018-06-18T11:00:00-00:00,20.0,0.0,20.34795,-0.34795
2018-06-18T12:00:00-00:00,23.96583,0.0,24.335739999999998,-0.3699
2018-06-18T13:00:00-00:00,29.800240000000002,-0.02019,30.333059999999996,-0.51263
2018-06-18T14:00:00-00:00,25.520670000000003,-0.26561999999999997,25.84314,-0.05685
2018-06-18T15:00:00-00:00,19.83407,-0.18712,19.8919,0.1293
2018-06-18T16:00:00-00:00,21.81624,-0.20855,21.78515,0.23964000000000002
2018-06-18T17:00:00-00:00,20.90071,-0.25725,20.97547,0.18249
2018-06-18T18:00:00-00:00,25.30366,1.35056,23.82208,0.13102
2018-06-18T19:00:00-00:00,25.52938,1.23698,24.19081,0.1016
2018-06-18T20:00:00-00:00,25.33912,0.22186999999999998,25.0122,0.10505
2018-06-18T21:00:00-00:00,28.07338,2.7884599999999997,25.279870000000003,0.00506
2018-06-18T22:00:00-00:00,27.842440000000003,1.45391,26.36481,0.02373
2018-06-18T23:00:00-00:00,27.901390000000003,0.9444899999999999,26.93804,0.01886
2018-06-19T00:00:00-00:00,28.898390000000003,0.0,29.017359999999996,-0.11897
2018-06-19T01:00:00-00:00,34.25127,0.0,34.60423,-0.35296
2018-06-19T02:00:00-00:00,44.00394,0.0,45.01682,-1.01288
2018-06-19T03:00:00-00:00,45.16395,-0.43718999999999997,46.655559999999994,-1.0544200000000001
2018-06-19T04:00:00-00:00,39.711059999999996,0.0,40.41016,-0.6991
2018-06-19T05:00:00-00:00,30.656679999999998,0.0,31.145670000000003,-0.48899
2018-06-19T06:00:00-00:00,25.99172,0.0,26.246309999999998,-0.25459
2018-06-19T07:00:00-00:00,28.090390000000003,0.0,28.132590000000004,-0.0422
2018-06-19T08:00:00-00:00,25.87715,0.0,26.012420000000002,-0.13526
2018-06-19T09:00:00-00:00,25.04147,0.0,25.23324,-0.19177
2018-06-19T10:00:00-00:00,24.65778,0.0,24.8191,-0.16132
2018-06-19T11:00:00-00:00,26.80733,0.0,26.97457,-0.16724
2018-06-19T12:00:00-00:00,30.23048,0.0,30.461990000000004,-0.23151
2018-06-19T13:00:00-00:00,31.20703,-0.14552,31.659640000000003,-0.3071
2018-06-19T14:00:00-00:00,29.0434,-0.24445,29.270290000000003,0.01756
2018-06-19T15:00:00-00:00,26.37148,-0.18082,26.36249,0.18980999999999998
2018-06-19T16:00:00-00:00,24.22137,-0.18413,24.31795,0.08753999999999999
2018-06-19T17:00:00-00:00,25.95423,-0.16115,25.939,0.17639000000000002
2018-06-19T18:00:00-00:00,27.114309999999996,-0.1877,27.2448,0.057210000000000004
2018-06-19T19:00:00-00:00,27.877979999999997,-0.24766,28.25845,-0.13280999999999998
2018-06-19T20:00:00-00:00,29.91395,-0.14103,30.300420000000003,-0.24543
2018-06-19T21:00:00-00:00,31.03707,-0.28847,31.91599,-0.59045
2018-06-19T22:00:00-00:00,31.09262,-1.24984,33.042970000000004,-0.7005100000000001
2018-06-19T23:00:00-00:00,31.418259999999997,-0.35509,32.458220000000004,-0.68487
2018-06-20T00:00:00-00:00,36.82287,-1.41054,39.03758,-0.8041699999999999
2018-06-20T01:00:00-00:00,42.31269,-0.13775,43.454240000000006,-1.00379
2018-06-20T02:00:00-00:00,53.8116,0.0,55.22537,-1.41377
2018-06-20T03:00:00-00:00,49.552459999999996,-0.32028,51.24613,-1.3734
2018-06-20T04:00:00-00:00,43.134640000000005,-0.22386999999999999,44.342929999999996,-0.98441
2018-06-20T05:00:00-00:00,31.590999999999998,0.0,32.18973,-0.59873
2018-06-20T06:00:00-00:00,30.60884,0.0,31.128690000000002,-0.51985
2018-06-20T07:00:00-00:00,30.33623,0.0,30.77321,-0.43698000000000004
2018-06-20T08:00:00-00:00,26.56542,0.0,26.82563,-0.26021
2018-06-20T09:00:00-00:00,25.3858,0.0,25.67594,-0.29014
2018-06-20T10:00:00-00:00,25.25215,0.0,25.56144,-0.30929
2018-06-20T11:00:00-00:00,26.074170000000002,0.0,26.36951,-0.29534
2018-06-20T12:00:00-00:00,30.631940000000004,0.0,31.10158,-0.46963
2018-06-20T13:00:00-00:00,30.43215,-0.33621,31.313209999999998,-0.54485
2018-06-20T14:00:00-00:00,28.19163,-0.46324,28.70655,-0.05167000000000001
2018-06-20T15:00:00-00:00,25.19975,-0.33923000000000003,25.29865,0.24034
2018-06-20T16:00:00-00:00,25.41894,-0.3481,25.76189,0.00515
2018-06-20T17:00:00-00:00,27.373759999999997,-0.40426999999999996,27.90079,-0.12276
2018-06-20T18:00:00-00:00,28.14665,-1.36144,29.806140000000003,-0.29806
2018-06-20T19:00:00-00:00,30.26622,-0.73275,31.66068,-0.66171
2018-06-20T20:00:00-00:00,31.1747,-7.3056,39.946329999999996,-1.46603
2018-06-20T21:00:00-00:00,32.48863,-6.844239999999999,40.10694,-0.7740600000000001
2018-06-20T22:00:00-00:00,35.10622,-5.7983,41.62039,-0.71587
2018-06-20T23:00:00-00:00,35.48859,-3.77854,40.58618,-1.31905
2018-06-21T00:00:00-00:00,39.73363,-6.6233699999999995,48.068220000000004,-1.71123
2018-06-21T01:00:00-00:00,48.73703,-0.9844700000000001,51.637240000000006,-1.9157400000000002
2018-06-21T02:00:00-00:00,61.78295,0.0,64.49831999999999,-2.71538
2018-06-21T03:00:00-00:00,52.47784,-0.5123300000000001,54.95766,-1.96748
2018-06-21T04:00:00-00:00,44.193290000000005,-1.04382,46.824459999999995,-1.58735
2018-06-21T05:00:00-00:00,33.760529999999996,0.0,34.891,-1.13047
2018-06-21T06:00:00-00:00,30.533559999999998,0.0,31.4552,-0.92164
2018-06-21T07:00:00-00:00,29.715429999999998,-0.44638,30.93836,-0.77655
2018-06-21T08:00:00-00:00,28.54826,0.0,29.044929999999997,-0.49667
2018-06-21T09:00:00-00:00,26.684559999999998,0.45163000000000003,26.554240000000004,-0.32131
2018-06-21T10:00:00-00:00,26.05346,0.2614,26.10268,-0.31062
2018-06-21T11:00:00-00:00,26.72265,0.11256,26.89518,-0.28509
2018-06-21T12:00:00-00:00,30.357940000000003,-0.22071999999999997,31.174090000000003,-0.59543
2018-06-21T13:00:00-00:00,28.553140000000003,-0.52336,29.70325,-0.62674
2018-06-21T14:00:00-00:00,25.194570000000002,-0.82396,26.144029999999997,-0.12549000000000002
2018-06-21T15:00:00-00:00,18.8037,-0.62253,19.40682,0.01941
2018-06-21T16:00:00-00:00,21.9644,-1.5696299999999999,23.6238,-0.08977
2018-06-21T17:00:00-00:00,23.4017,-1.8918400000000002,25.59038,-0.29685
2018-06-21T18:00:00-00:00,25.57858,-3.12717,28.98985,-0.2841
2018-06-21T19:00:00-00:00,27.53685,-2.80639,30.88686,-0.54361
2018-06-21T20:00:00-00:00,29.428590000000003,-6.38696,36.24689,-0.43133999999999995
2018-06-21T21:00:00-00:00,30.102959999999996,-6.662089999999999,37.538340000000005,-0.7732899999999999
2018-06-21T22:00:00-00:00,31.916320000000002,-6.86572,39.973240000000004,-1.1912
2018-06-21T23:00:00-00:00,34.815979999999996,-4.75099,40.74449,-1.1775200000000001
2018-06-22T00:00:00-00:00,36.6356,-5.85677,43.725429999999996,-1.23306
2018-06-22T01:00:00-00:00,47.28962,-1.0230700000000001,50.1429,-1.8302200000000002
2018-06-22T02:00:00-00:00,64.53386,0.0,66.80524,-2.2713799999999997
2018-06-22T03:00:00-00:00,51.20588,-0.5032,53.573440000000005,-1.8643599999999998
2018-06-22T04:00:00-00:00,45.67293,-1.1127799999999999,48.187979999999996,-1.4022700000000001
2018-06-22T05:00:00-00:00,32.7557,-0.3191,33.90896,-0.83416
2018-06-22T06:00:00-00:00,31.7218,0.3046,32.259159999999994,-0.84196
2018-06-22T07:00:00-00:00,29.0347,1.2717,28.10305,-0.34005
2018-06-22T08:00:00-00:00,27.4863,1.37925,26.400090000000002,-0.29304
2018-06-22T09:00:00-00:00,25.98132,0.95749,25.24345,-0.21961999999999998
2018-06-22T10:00:00-00:00,24.27734,0.79515,23.642960000000002,-0.16077
2018-06-22T11:00:00-00:00,25.256429999999998,0.55283,24.86272,-0.15912
2018-06-22T12:00:00-00:00,28.692629999999998,-0.0151,29.003559999999997,-0.29584
2018-06-22T13:00:00-00:00,28.62205,-0.32725,29.351409999999998,-0.40210999999999997
2018-06-22T14:00:00-00:00,22.84664,-0.5477,23.33833,0.056010000000000004
2018-06-22T15:00:00-00:00,19.15655,-0.45288999999999996,19.49248,0.11695
2018-06-22T16:00:00-00:00,22.28286,-0.9249799999999999,23.19161,0.01623
2018-06-22T17:00:00-00:00,25.74554,-1.1754200000000001,26.888690000000004,0.03227
2018-06-22T18:00:00-00:00,28.89237,-2.4805900000000003,31.78295,-0.41
2018-06-22T19:00:00-00:00,30.682809999999996,-1.1588,32.43517,-0.5935600000000001
2018-06-22T20:00:00-00:00,32.90045,-4.71181,38.584579999999995,-0.9723299999999999
2018-06-22T21:00:00-00:00,33.4165,-11.07424,45.53346,-1.04272
2018-06-22T22:00:00-00:00,38.153259999999996,-4.49998,43.45277,-0.79953
2018-06-22T23:00:00-00:00,38.82222,-3.5388800000000002,43.41166,-1.05056
2018-06-23T00:00:00-00:00,40.59174,-3.36186,45.19186,-1.2382600000000001
2018-06-23T01:00:00-00:00,52.929990000000004,-0.026510000000000002,54.44279,-1.48629
2018-06-23T02:00:00-00:00,72.41483000000001,0.0,74.93256,-2.51773
2018-06-23T03:00:00-00:00,54.65786,-0.19091,56.62685,-1.7780799999999999
2018-06-23T04:00:00-00:00,46.70725,-0.38611,48.63007,-1.53671
2018-06-23T05:00:00-00:00,34.87328,0.12827,35.6725,-0.92748
2018-06-23T06:00:00-00:00,32.645509999999994,0.82084,32.33886,-0.5141899999999999
2018-06-23T07:00:00-00:00,28.189659999999996,0.0,28.73563,-0.54598
2018-06-23T08:00:00-00:00,26.65676,0.29884,26.67806,-0.32014000000000004
2018-06-23T09:00:00-00:00,26.04205,0.0,26.230909999999998,-0.18886
2018-06-23T10:00:00-00:00,25.6998,0.59458,25.223770000000002,-0.11855
2018-06-23T11:00:00-00:00,24.58897,0.0,24.73491,-0.14594000000000001
2018-06-23T12:00:00-00:00,26.2213,0.0,26.424770000000002,-0.20347
2018-06-23T13:00:00-00:00,20.88518,-0.076,21.15155,-0.19036
2018-06-23T14:00:00-00:00,12.91358,0.0,12.88395,0.02963
2018-06-23T15:00:00-00:00,13.204020000000002,0.0,13.04487,0.15915
2018-06-23T16:00:00-00:00,15.833420000000002,0.0,15.6658,0.16762
2018-06-23T17:00:00-00:00,21.79727,3.0409200000000003,18.65004,0.10630999999999999
2018-06-23T18:00:00-00:00,24.20468,2.28456,21.83062,0.08951
2018-06-23T19:00:00-00:00,27.828670000000002,1.54348,26.26156,0.02364
2018-06-23T20:00:00-00:00,29.69797,-0.33709,30.1345,-0.09944
2018-06-23T21:00:00-00:00,31.9,-2.17917,34.30904,-0.22987
2018-06-23T22:00:00-00:00,32.62904,-3.25489,36.19522,-0.31128
2018-06-23T23:00:00-00:00,43.0208,2.03784,41.16822,-0.18525999999999998
2018-06-24T00:00:00-00:00,48.15643,4.17834,44.36405,-0.38597
2018-06-24T01:00:00-00:00,55.42475,2.5746900000000004,53.36234,-0.5122800000000001
2018-06-24T02:00:00-00:00,71.72707,0.24094000000000002,72.39102,-0.90489
2018-06-24T03:00:00-00:00,55.96759,0.0,56.31109,-0.3435
2018-06-24T04:00:00-00:00,45.25134,0.5213800000000001,45.08614,-0.35618
2018-06-24T05:00:00-00:00,34.78795,0.9714200000000001,33.96257,-0.14604
2018-06-24T06:00:00-00:00,32.01761,1.30721,30.85543,-0.14502
2018-06-24T07:00:00-00:00,29.628729999999997,0.0,29.77163,-0.1429
2018-06-24T08:00:00-00:00,27.13669,0.027460000000000002,27.21537,-0.10614000000000001
2018-06-24T09:00:00-00:00,26.28746,0.0,26.60135,-0.3139
2018-06-24T10:00:00-00:00,25.08626,0.0,25.34478,-0.25851999999999997
2018-06-24T11:00:00-00:00,24.7053,0.0,24.97756,-0.27226
2018-06-24T12:00:00-00:00,24.43261,0.0,24.77701,-0.3444
2018-06-24T13:00:00-00:00,22.24379,-0.04541,22.61485,-0.32565
2018-06-24T14:00:00-00:00,12.20476,-0.22353,12.39606,0.03223
2018-06-24T15:00:00-00:00,8.11807,-0.52074,8.533,0.10580999999999999
2018-06-24T16:00:00-00:00,9.77338,0.06213,9.5227,0.18855
2018-06-24T17:00:00-00:00,16.61954,2.1013599999999997,14.30786,0.21033000000000002
2018-06-24T18:00:00-00:00,18.97346,0.0,18.7856,0.18786
2018-06-24T19:00:00-00:00,22.52179,0.0,22.35192,0.16987
2018-06-24T20:00:00-00:00,24.741670000000003,0.0,24.6775,0.06416000000000001
2018-06-24T21:00:00-00:00,26.88137,0.0,26.875999999999998,0.005379999999999999
2018-06-24T22:00:00-00:00,28.286440000000002,0.0,28.45719,-0.17074
2018-06-24T23:00:00-00:00,30.706120000000002,0.0,30.966240000000003,-0.26011999999999996
2018-06-25T00:00:00-00:00,33.816629999999996,0.0,34.1893,-0.37266
2018-06-25T01:00:00-00:00,42.335409999999996,0.0,43.62226,-1.2868600000000001
2018-06-25T02:00:00-00:00,48.15291,0.0,49.6166,-1.46369
2018-06-25T03:00:00-00:00,44.36542,0.0,45.71398,-1.34856
2018-06-25T04:00:00-00:00,39.39288,0.0,40.50265,-1.1097700000000001
2018-06-25T05:00:00-00:00,30.66984,-0.15755,31.239759999999997,-0.41236000000000006
2018-06-25T06:00:00-00:00,26.58857,0.0,27.06767,-0.4791
2018-06-25T07:00:00-00:00,26.65555,0.0,27.099990000000002,-0.44443999999999995
2018-06-25T08:00:00-00:00,22.65145,0.0,23.017429999999997,-0.36598
2018-06-25T09:00:00-00:00,21.2262,0.0,21.54288,-0.31668
2018-06-25T10:00:00-00:00,20.5537,0.0,20.86035,-0.30665
2018-06-25T11:00:00-00:00,22.32728,0.0,22.7111,-0.38382
2018-06-25T12:00:00-00:00,26.576420000000002,0.0,27.06907,-0.49266000000000004
2018-06-25T13:00:00-00:00,27.47591,-0.07146,27.998140000000003,-0.45077
2018-06-25T14:00:00-00:00,23.11461,-0.24275,23.47709,-0.11972999999999999
2018-06-25T15:00:00-00:00,15.61474,-0.23524,15.923229999999998,-0.07325
2018-06-25T16:00:00-00:00,15.89436,-0.22576999999999997,16.16378,-0.04364
2018-06-25T17:00:00-00:00,19.610120000000002,-0.07632,19.82921,-0.14277
2018-06-25T18:00:00-00:00,22.71978,-0.46221,23.4588,-0.27681
2018-06-25T19:00:00-00:00,24.553079999999998,-0.77962,25.710639999999998,-0.37795
2018-06-25T20:00:00-00:00,26.56281,0.0,27.15478,-0.59197
2018-06-25T21:00:00-00:00,26.686190000000003,-3.74327,31.06632,-0.63686
2018-06-25T22:00:00-00:00,29.44183,-3.04489,33.2447,-0.75798
2018-06-25T23:00:00-00:00,32.1024,-5.68613,38.57547,-0.78694
2018-06-26T00:00:00-00:00,33.66976,-3.10405,37.75933,-0.9855200000000001
2018-06-26T01:00:00-00:00,41.53979,0.0,43.09554,-1.55575
2018-06-26T02:00:00-00:00,53.33,0.0,55.1899,-1.8599
2018-06-26T03:00:00-00:00,45.84802,0.0,47.300129999999996,-1.45211
2018-06-26T04:00:00-00:00,37.659290000000006,0.0,38.81201,-1.15272
2018-06-26T05:00:00-00:00,33.27236,0.0,34.1115,-0.83914
2018-06-26T06:00:00-00:00,28.74356,0.0,29.0809,-0.33734000000000003
2018-06-26T07:00:00-00:00,30.316540000000003,0.0,30.976340000000004,-0.6598
2018-06-26T08:00:00-00:00,27.34556,0.0,27.83547,-0.4899
2018-06-26T09:00:00-00:00,23.9403,0.0,24.31475,-0.37445
2018-06-26T10:00:00-00:00,23.30847,0.0,23.63942,-0.33095
2018-06-26T11:00:00-00:00,24.18234,0.0,24.57056,-0.38821
2018-06-26T12:00:00-00:00,29.11715,0.0,29.599629999999998,-0.48246999999999995
2018-06-26T13:00:00-00:00,30.8134,-0.12477,31.40294,-0.46476000000000006
2018-06-26T14:00:00-00:00,25.26521,-0.39241,25.791729999999998,-0.13412000000000002
2018-06-26T15:00:00-00:00,20.9807,-0.29185,21.25979,0.012759999999999999
2018-06-26T16:00:00-00:00,24.64169,-0.34219,24.85464,0.12924000000000002
2018-06-26T17:00:00-00:00,24.73631,-0.00379,24.72033,0.019780000000000002
2018-06-26T18:00:00-00:00,27.584590000000002,0.0,27.7511,-0.16651
2018-06-26T19:00:00-00:00,27.574240000000003,-0.41171,28.4006,-0.41465
2018-06-26T20:00:00-00:00,28.17053,-2.88325,31.76207,-0.70829
2018-06-26T21:00:00-00:00,28.363329999999998,-3.70044,33.0112,-0.94742
2018-06-26T22:00:00-00:00,29.07586,-6.71593,37.00175,-1.2099600000000001
2018-06-26T23:00:00-00:00,32.17552,-5.71254,39.03973,-1.15167
2018-06-27T00:00:00-00:00,32.28823,-6.9424399999999995,40.55688,-1.32621
2018-06-27T01:00:00-00:00,42.50725,-0.16184,44.96216,-2.29307
2018-06-27T02:00:00-00:00,58.42,0.0,61.54008,-3.1200799999999997
2018-06-27T03:00:00-00:00,49.04087,0.0,51.56769,-2.5268200000000003
2018-06-27T04:00:00-00:00,40.099779999999996,-0.33347,42.32076,-1.8875099999999998
2018-06-27T05:00:00-00:00,30.461759999999998,0.0,31.81053,-1.34877
2018-06-27T06:00:00-00:00,29.026020000000003,0.0,29.892909999999997,-0.8668899999999999
2018-06-27T07:00:00-00:00,29.86928,0.0,30.663459999999997,-0.79418
2018-06-27T08:00:00-00:00,26.59051,0.0,27.11934,-0.52883
2018-06-27T09:00:00-00:00,24.75765,0.0,25.23715,-0.47951000000000005
2018-06-27T10:00:00-00:00,23.38488,0.0,23.86456,-0.47968
2018-06-27T11:00:00-00:00,23.283910000000002,-0.02221,23.79875,-0.49263
2018-06-27T12:00:00-00:00,28.648670000000003,0.0,29.272170000000003,-0.6235
2018-06-27T13:00:00-00:00,30.06465,-0.17243,30.964740000000003,-0.7276699999999999
2018-06-27T14:00:00-00:00,27.18502,-0.10725,27.679779999999997,-0.38752
2018-06-27T15:00:00-00:00,23.04655,-0.31999,23.51705,-0.15050999999999998
2018-06-27T16:00:00-00:00,25.36528,-0.14807,25.85725,-0.3439
2018-06-27T17:00:00-00:00,24.876520000000003,-0.05058,25.314410000000002,-0.38731
2018-06-27T18:00:00-00:00,26.97952,0.0,27.5836,-0.6040800000000001
2018-06-27T19:00:00-00:00,27.061759999999996,0.0,27.74142,-0.67966
2018-06-27T20:00:00-00:00,27.773870000000002,-0.9013200000000001,29.75222,-1.07703
2018-06-27T21:00:00-00:00,27.73674,-3.98886,33.13725,-1.41165
2018-06-27T22:00:00-00:00,28.959159999999997,-4.8356699999999995,34.93367,-1.13884
2018-06-27T23:00:00-00:00,30.81012,-4.82902,37.07775,-1.43862
2018-06-28T00:00:00-00:00,31.69952,-4.88176,38.28496,-1.7036799999999999
2018-06-28T01:00:00-00:00,44.15249,-0.08323,47.17974,-2.94402
2018-06-28T02:00:00-00:00,62.10487,0.0,65.9988,-3.89393
2018-06-28T03:00:00-00:00,49.041140000000006,0.0,51.55171,-2.51057
2018-06-28T04:00:00-00:00,40.32853,0.0,42.473440000000004,-2.14491
2018-06-28T05:00:00-00:00,31.74912,0.0,33.430679999999995,-1.68156
2018-06-28T06:00:00-00:00,29.39126,0.0,30.460420000000003,-1.06916
2018-06-28T07:00:00-00:00,26.09469,0.0,26.8188,-0.72411
2018-06-28T08:00:00-00:00,22.590629999999997,0.0,23.15325,-0.56262
2018-06-28T09:00:00-00:00,20.319879999999998,0.0,20.745160000000002,-0.42528
2018-06-28T10:00:00-00:00,20.78673,0.0,21.21095,-0.42422
2018-06-28T11:00:00-00:00,22.01446,0.0,22.468320000000002,-0.45386000000000004
2018-06-28T12:00:00-00:00,26.31065,0.0,26.910759999999996,-0.60011
2018-06-28T13:00:00-00:00,29.284129999999998,0.0,30.01346,-0.72933
2018-06-28T14:00:00-00:00,23.05852,0.0,23.35986,-0.30134
2018-06-28T15:00:00-00:00,18.63121,-0.18354,18.93404,-0.11928
2018-06-28T16:00:00-00:00,19.17904,-0.15137,19.468629999999997,-0.13823
2018-06-28T17:00:00-00:00,19.262620000000002,0.0,19.44148,-0.17886
2018-06-28T18:00:00-00:00,20.851689999999998,0.0,21.08148,-0.22979000000000002
2018-06-28T19:00:00-00:00,21.513939999999998,-0.20976999999999998,22.15575,-0.43204
2018-06-28T20:00:00-00:00,23.447429999999997,-0.04244,24.11196,-0.6220899999999999
2018-06-28T21:00:00-00:00,24.508979999999998,-0.09308999999999999,25.47325,-0.8711899999999999
2018-06-28T22:00:00-00:00,25.34851,-3.9917800000000003,30.222790000000003,-0.88251
2018-06-28T23:00:00-00:00,26.18765,-5.07101,32.325390000000006,-1.06674
2018-06-29T00:00:00-00:00,27.989659999999997,-5.96065,35.25473,-1.3044200000000001
2018-06-29T01:00:00-00:00,36.446659999999994,-2.1389299999999998,40.68923,-2.10363
2018-06-29T02:00:00-00:00,55.58503,-1.16384,59.729369999999996,-2.9805
2018-06-29T03:00:00-00:00,48.23002,0.0,50.57148,-2.3414599999999997
2018-06-29T04:00:00-00:00,36.46184,0.0,38.04449,-1.58265
2018-06-29T05:00:00-00:00,29.0132,0.0,30.102929999999997,-1.0897299999999999
2018-06-29T06:00:00-00:00,26.18665,0.0,26.74563,-0.55898
2018-06-29T07:00:00-00:00,26.86228,0.0,27.76463,-0.90235
2018-06-29T08:00:00-00:00,23.867929999999998,0.0,24.6544,-0.7864800000000001
2018-06-29T09:00:00-00:00,22.07145,0.0,22.690910000000002,-0.61946
2018-06-29T10:00:00-00:00,21.72515,0.0,22.37169,-0.64654
2018-06-29T11:00:00-00:00,23.4762,0.0,24.18731,-0.71111
2018-06-29T12:00:00-00:00,36.48126,0.0,38.47423,-1.9929700000000001
2018-06-29T13:00:00-00:00,36.42275,0.0,38.347809999999996,-1.9250599999999998
2018-06-29T14:00:00-00:00,27.47188,-0.34009,28.787879999999998,-0.97591
2018-06-29T15:00:00-00:00,19.967489999999998,-0.07518999999999999,20.59039,-0.5477
2018-06-29T16:00:00-00:00,21.82426,-0.16644,22.67783,-0.68714
2018-06-29T17:00:00-00:00,22.916710000000002,-0.04835,23.675320000000003,-0.71026
2018-06-29T18:00:00-00:00,25.822470000000003,0.0,26.662329999999997,-0.83986
2018-06-29T19:00:00-00:00,26.89858,0.0,27.88285,-0.98426
2018-06-29T20:00:00-00:00,31.09109,0.0,32.37643,-1.28534
2018-06-29T21:00:00-00:00,30.290090000000003,0.0,31.54232,-1.25223
2018-06-29T22:00:00-00:00,31.83264,0.0,33.4236,-1.59096
2018-06-29T23:00:00-00:00,35.4843,0.0,37.32439,-1.8400900000000002
2018-06-30T00:00:00-00:00,40.53,0.0,42.53778,-2.00778
2018-06-30T01:00:00-00:00,47.85817,0.0,50.30818,-2.45001
2018-06-30T02:00:00-00:00,61.197390000000006,0.0,64.09446,-2.8970700000000003
2018-06-30T03:00:00-00:00,53.516709999999996,0.0,55.938869999999994,-2.42215
2018-06-30T04:00:00-00:00,46.344159999999995,0.0,48.87594,-2.53177
2018-06-30T05:00:00-00:00,39.68992,0.0,41.9777,-2.28778
2018-06-30T06:00:00-00:00,35.46901,0.0,37.19876,-1.72974
2018-06-30T07:00:00-00:00,28.34255,0.0,29.126040000000003,-0.7834899999999999
2018-06-30T08:00:00-00:00,27.60032,0.0,28.319640000000003,-0.71932
2018-06-30T09:00:00-00:00,26.945559999999997,0.0,27.796129999999998,-0.85056
2018-06-30T10:00:00-00:00,26.0328,0.0,26.91285,-0.88005
2018-06-30T11:00:00-00:00,27.062990000000003,0.0,28.064909999999998,-1.0019200000000001
2018-06-30T12:00:00-00:00,36.75014,0.0,38.65181,-1.90167
2018-06-30T13:00:00-00:00,26.896620000000002,0.0,28.122770000000003,-1.22615
2018-06-30T14:00:00-00:00,20.37327,0.0,20.962310000000002,-0.58904
2018-06-30T15:00:00-00:00,14.89224,0.0,15.300770000000002,-0.40853
2018-06-30T16:00:00-00:00,19.84218,0.0,20.33219,-0.49001000000000006
2018-06-30T17:00:00-00:00,21.98593,0.0,22.5012,-0.5152800000000001
2018-06-30T18:00:00-00:00,25.32498,0.0,25.86557,-0.54059
2018-06-30T19:00:00-00:00,29.4115,0.0,30.25252,-0.8410200000000001
2018-06-30T20:00:00-00:00,30.773809999999997,0.0,32.01936,-1.24555
2018-06-30T21:00:00-00:00,31.349190000000004,0.0,32.59429,-1.2451
2018-06-30T22:00:00-00:00,37.45,0.0,38.925270000000005,-1.47527
2018-06-30T23:00:00-00:00,39.484790000000004,0.0,40.984840000000005,-1.50005
2018-07-01T00:00:00-00:00,42.673590000000004,0.0,44.47019,-1.7966
2018-07-01T01:00:00-00:00,49.50586,0.0,51.97466,-2.4688
2018-07-01T02:00:00-00:00,61.89512,0.0,64.94084000000001,-3.04573
2018-07-01T03:00:00-00:00,50.77052,0.0,53.068380000000005,-2.29786
2018-07-01T04:00:00-00:00,43.99665,0.0,45.99754,-2.00089
2018-07-01T05:00:00-00:00,37.42167,0.0,39.28785,-1.86617
2018-07-01T06:00:00-00:00,33.143190000000004,0.0,34.7668,-1.62361
