INTERVALSTARTTIME_GMT,AS_CAISO_EXP_NS_CLR_PRC,AS_CAISO_EXP_RD_CLR_PRC,AS_CAISO_EXP_RMD_CLR_PRC,AS_CAISO_EXP_RMU_CLR_PRC,AS_CAISO_EXP_RU_CLR_PRC,AS_CAISO_EXP_SP_CLR_PRC,AS_CAISO_NS_CLR_PRC,AS_CAISO_RD_CLR_PRC,AS_CAISO_RU_CLR_PRC,AS_CAISO_SP_CLR_PRC,AS_NP26_EXP_NS_CLR_PRC,AS_NP26_EXP_RD_CLR_PRC,AS_NP26_EXP_RU_CLR_PRC,AS_NP26_EXP_SP_CLR_PRC,AS_NP26_NS_CLR_PRC,AS_NP26_RD_CLR_PRC,AS_NP26_RU_CLR_PRC,AS_NP26_SP_CLR_PRC,AS_SP26_EXP_NS_CLR_PRC,AS_SP26_EXP_RD_CLR_PRC,AS_SP26_EXP_RU_CLR_PRC,AS_SP26_EXP_SP_CLR_PRC,AS_SP26_NS_CLR_PRC,AS_SP26_RD_CLR_PRC,AS_SP26_RU_CLR_PRC,AS_SP26_SP_CLR_PRC
2022-02-01T08:00:00-00:00,0.15,6.05034,0.0,0.0,3.74,2.0,0.0,0.0,0.0,0.0,0.0,4.08522,0.0,0.0,0.0,0.0,0.0,0.0,0.0,0.0,0.0,0.0,0.0,0.0,0.0,0.0
2022-02-01T09:00:00-00:00,0.15,5.0,0.0,0.0,2.5,1.5,0.0,0.0,0.0,0.0,0.0,6.61848,1.24,0.0,0.0,0.0,0.0,0.0,0.0,0.0,0.0,0.0,0.0,0.0,0.0,0.0
2022-02-01T10:00:00-00:00,0.15,4.39354,0.0,0.0,2.59,1.5,0.0,0.0,0.0,0.0,0.0,7.5635,1.15,0.0,0.0,0.0,0.0,0.0,0.0,0.0,0.0,0.0,0.0,0.0,0.0,0.0
2022-02-01T11:00:00-00:00,0.15,3.0,0.0,0.0,2.5,1.5,0.0,0.0,0.0,0.0,0.0,8.54987,1.24,0.0,0.0,0.0,0.0,0.0,0.0,0.0,0.0,0.0,0.0,0.0,0.0,0.0
2022-02-01T12:00:00-00:00,0.15,3.8975,0.0,0.0,2.0,1.99,0.0,0.0,0.0,0.0,0.0,5.3025,1.74,0.0,0.0,0.0,0.0,0.0,0.0,0.0,0.0,0.0,0.0,0.0,0.0,0.0
2022-02-01T13:00:00-00:00,0.15,3.0,0.0,0.0,3.14,3.14,0.0,0.0,0.0,0.0,0.0,3.0,0.6,0.0,0.0,0.0,0.0,0.0,0.0,0.0,0.0,0.0,0.0,0.0,0.0,0.0
2022-02-01T14:00:00-00:00,0.15,3.24207,0.0,0.0,12.04,10.561,0.0,0.0,0.0,0.0,0.0,2.59793,0.0,0.0,0.0,0.0,0.0,0.0,0.0,0.0,0.17256,0.0,0.0,0.0,0.0,0.0
2022-02-01T15:00:00-00:00,0.15,5.05107,0.0,0.0,15.0,15.0,0.0,0.0,0.0,0.0,0.0,4.38893,0.0,0.0,0.0,0.0,0.0,0.0,0.0,0.0,0.0,0.0,0.0,0.0,0.0,0.0
2022-02-01T16:00:00-00:00,0.15,3.0,0.0,0.0,3.94,3.84,0.0,0.0,0.0,0.0,0.0,11.20323,0.0,0.0,0.0,0.0,0.0,0.0,0.0,0.0,0.0,0.0,0.0,0.0,0.0,0.0
2022-02-01T17:00:00-00:00,0.15,3.98,0.0,0.0,3.0,1.91,0.0,0.0,0.0,0.0,0.0,21.34904,1.74,0.0,0.0,0.0,0.0,0.0,0.0,0.0,0.0,0.0,0.0,0.0,0.0,0.0
2022-02-01T18:00:00-00:00,0.15,5.12,0.0,0.0,4.25865,0.15,0.0,0.0,0.0,0.0,0.0,29.42014,0.48135,0.35,0.0,0.0,0.0,0.0,0.0,0.0,0.0,0.0,0.0,0.0,0.0,0.0
2022-02-01T19:00:00-00:00,0.15,6.0,0.0,0.01,2.38957,0.44957,0.0,0.0,0.0,0.0,0.0,40.6932,3.59043,0.05043,0.0,0.0,0.0,0.0,0.0,0.0,0.0,0.0,0.0,0.0,0.0,0.0
2022-02-01T20:00:00-00:00,0.15,6.0,0.0,0.0,2.1,0.15,0.0,0.0,0.0,0.0,0.0,34.11194,4.13,0.85,0.0,0.0,0.0,0.0,0.0,0.0,0.0,0.0,0.0,0.0,0.0,0.0
2022-02-01T21:00:00-00:00,0.15,7.0,0.0,0.0,2.5,0.15,0.0,0.0,0.0,0.0,0.0,31.72119,1.44,0.85,0.0,0.0,0.0,0.0,0.0,0.0,0.0,0.0,0.0,0.0,0.0,0.0
2022-02-01T22:00:00-00:00,0.15,6.0,0.0,0.0,2.6,0.65,0.0,0.0,0.0,0.0,0.0,84.93007,4.9,0.35,0.0,0.0,0.0,0.0,0.0,0.0,0.0,0.0,0.0,0.0,0.0,0.0
2022-02-01T23:00:00-00:00,0.15,8.0,0.0,0.0,4.0,1.5,0.0,0.0,0.0,0.0,0.0,4.68357,0.74,0.0,0.0,0.0,0.0,0.0,0.0,0.0,0.0,0.0,0.0,0.0,0.0,0.0
2022-02-02T00:00:00-00:00,0.15,4.81,0.0,0.0,3.48,3.48,0.0,0.0,0.0,0.0,0.0,3.95065,6.76,1.52,0.0,0.0,0.0,0.0,0.0,0.0,0.0,0.0,0.0,0.0,0.0,0.0
2022-02-02T01:00:00-00:00,0.15,5.99,0.0,0.0,16.34306,16.34306,0.0,0.0,0.0,0.0,0.0,0.0,0.0,0.0,0.0,0.0,0.0,0.0,0.0,0.0,0.0,0.0,0.0,0.0,0.0,0.0
2022-02-02T02:00:00-00:00,0.15,4.81,0.0,0.0,15.55,15.55,0.0,0.0,0.0,0.0,0.0,1.13,0.0,0.0,0.0,0.0,0.0,0.0,0.0,0.0,0.0,0.0,0.0,0.0,0.0,0.0
2022-02-02T03:00:00-00:00,0.15,3.45621,0.0,0.0,8.0,8.0,0.0,0.0,0.0,0.0,0.0,2.53379,0.0,0.0,0.0,0.0,0.0,0.0,0.0,0.0,0.0,0.0,0.0,0.0,0.0,0.0
2022-02-02T04:00:00-00:00,0.15,2.57,0.0,0.0,5.81181,5.81181,0.0,0.0,0.0,0.0,0.0,16.42,0.41819,0.0,0.0,0.0,0.0,0.0,0.0,0.0,0.0,0.0,0.0,0.0,0.0,0.0
2022-02-02T05:00:00-00:00,0.15,3.53874,0.0,0.0,3.94,3.94,0.0,0.0,0.0,0.0,0.0,1.46126,0.0,0.0,0.0,0.0,0.0,0.0,0.0,0.0,0.0,0.0,0.0,0.0,0.0,0.0
2022-02-02T06:00:00-00:00,0.15,3.92,0.0,0.0,3.94,3.94,0.0,0.0,0.0,0.0,0.0,1.08,0.0,0.0,0.0,0.0,0.0,0.0,0.0,0.0,0.0,0.0,0.0,0.0,0.0,0.0
2022-02-02T07:00:00-00:00,0.15,3.47,0.0,0.0,3.94,3.18246,0.0,0.0,0.0,0.0,0.0,3.23,0.0,0.0,0.0,0.0,0.0,0.0,0.0,0.0,1.16246,0.0,0.0,0.0,0.0,0.0
2022-02-02T08:00:00-00:00,0.15,5.99,0.0,0.0,3.0,3.0,0.0,0.0,0.0,0.0,0.0,0.0,0.74,0.0,0.0,0.0,0.0,0.0,0.0,0.0,0.0,0.0,0.0,0.0,0.0,0.0
2022-02-02T09:00:00-00:00,0.15,4.0,0.0,0.0,2.5,2.47832,0.0,0.0,0.0,0.0,0.0,0.65066,1.24,0.0,0.0,0.0,0.0,0.0,0.0,0.0,0.0,0.0,0.0,0.0,0.0,0.0
2022-02-02T10:00:00-00:00,0.15,4.0,0.0,0.0,3.0,2.36067,0.0,0.0,0.0,0.0,0.0,1.37908,0.74,0.0,0.0,0.0,0.0,0.0,0.0,0.0,0.0,0.0,0.0,0.0,0.0,0.0
2022-02-02T11:00:00-00:00,0.15,4.0,0.0,0.0,3.0,2.64735,0.0,0.0,0.0,0.0,0.0,1.0,0.74,0.0,0.0,0.0,0.0,0.0,0.0,0.0,0.0,0.0,0.0,0.0,0.0,0.0
2022-02-02T12:00:00-00:00,0.15,3.73189,0.0,0.0,3.34,3.0,0.0,0.0,0.0,0.0,0.0,1.26811,0.4,0.0,0.0,0.0,0.0,0.0,0.0,0.0,0.0,0.0,0.0,0.0,0.0,0.0
2022-02-02T13:00:00-00:00,0.15,4.15,0.0,0.0,4.0,4.0,0.0,0.0,0.0,0.0,0.0,0.85,0.0,0.0,0.0,0.0,0.0,0.0,0.0,0.0,0.0,0.0,0.0,0.0,0.0,0.0
2022-02-02T14:00:00-00:00,0.2,2.5,0.0,0.0,12.93281,12.93281,0.0,0.0,0.0,0.0,0.0,2.84,0.0,0.0,0.0,0.0,0.0,0.0,0.0,0.0,0.0,0.0,0.0,0.0,0.0,0.0
2022-02-02T15:00:00-00:00,0.2,3.51,0.0,0.0,15.39672,15.39672,0.0,0.0,0.0,0.0,0.0,2.48,0.0,0.0,0.0,0.0,0.0,0.0,0.0,0.0,0.0,0.0,0.0,0.0,0.0,0.0
2022-02-02T16:00:00-00:00,0.2,3.48,0.0,0.0,3.55731,3.45731,0.0,0.0,0.0,0.0,0.0,2.51,0.18269,0.0,0.0,0.0,0.0,0.0,0.0,0.0,0.0,0.0,0.0,0.0,0.0,0.0
2022-02-02T17:00:00-00:00,0.15,4.12,0.0,0.0,4.74,1.0,0.0,0.0,0.0,0.0,0.0,11.23982,0.0,0.0,0.0,0.0,0.0,0.0,0.0,0.0,0.0,0.0,0.0,0.0,0.0,0.0
2022-02-02T18:00:00-00:00,0.15,12.0,0.0,0.0,3.0,1.5,0.0,0.0,0.0,0.0,0.0,12.52025,1.74,0.0,0.0,0.0,0.0,0.0,0.0,0.0,0.0,0.0,0.0,0.0,0.0,0.0
2022-02-02T19:00:00-00:00,0.15,15.56396,0.0,0.0,4.0,1.0,0.0,0.0,0.0,0.0,0.0,13.11548,1.0,0.0,0.0,0.0,0.0,0.0,0.0,0.0,0.0,0.0,0.0,0.0,0.0,0.0
2022-02-02T20:00:00-00:00,0.15,12.0,0.0,0.0,3.09,1.0,0.0,0.0,0.0,0.0,0.0,23.9824,1.91,0.0,0.0,0.0,0.0,0.0,0.0,0.0,0.0,0.0,0.0,0.0,0.0,0.0
2022-02-02T21:00:00-00:00,0.15,12.0,0.0,0.0,2.5,0.41,0.0,0.0,0.0,0.0,0.0,22.65682,1.24,0.59,0.0,0.0,0.0,0.0,0.0,0.0,0.0,0.0,0.0,0.0,0.0,0.0
2022-02-02T22:00:00-00:00,0.15,18.39509,0.0,0.0,2.5,0.15,0.0,0.0,0.0,0.0,0.0,13.72239,2.5,0.85,0.0,0.0,0.0,0.0,0.0,0.0,0.0,0.0,0.0,0.0,0.0,0.0
2022-02-02T23:00:00-00:00,0.15,18.12977,0.0,0.0,2.5,0.41,0.0,0.0,0.0,0.0,0.0,0.0,2.24,0.59,0.0,0.0,0.0,0.0,0.0,0.0,0.0,0.0,0.0,0.0,0.0,0.0
2022-02-03T00:00:00-00:00,0.15,4.94844,0.0,0.0,9.04,9.04,0.0,0.0,0.0,0.0,0.0,1.04156,0.0,0.0,0.0,0.0,0.0,0.0,0.0,0.0,0.0,0.0,0.0,0.0,0.0,0.0
2022-02-03T01:00:00-00:00,1.0,4.2,0.0,0.0,14.31218,14.31218,0.0,0.0,0.0,0.0,0.0,1.44,0.0,0.0,0.0,0.0,0.0,0.0,0.0,0.0,0.0,0.0,0.0,0.0,0.0,0.0
2022-02-03T02:00:00-00:00,4.13,3.07,0.0,0.0,24.20335,24.20335,0.0,0.0,0.0,0.0,0.0,2.57,2.38824,2.38824,0.0,0.0,0.0,0.0,0.0,0.0,0.0,0.0,0.0,0.0,0.0,0.0
2022-02-03T03:00:00-00:00,1.0,3.07,0.0,0.0,10.99514,10.99514,0.0,0.0,0.0,0.0,0.0,2.92,0.0,0.0,0.0,0.0,0.0,0.0,0.0,0.0,0.0,0.0,0.0,0.0,0.0,0.0
2022-02-03T04:00:00-00:00,1.0,2.5,0.0,0.0,5.94,5.94,0.0,0.0,0.0,0.0,0.0,3.49,0.0,0.0,0.0,0.0,0.0,0.0,0.0,0.0,0.0,0.0,0.0,0.0,0.0,0.0
2022-02-03T05:00:00-00:00,0.25,3.6283,0.0,0.0,6.0,6.0,0.0,0.0,0.0,0.0,0.0,1.3717,0.0,0.0,0.0,0.0,0.0,0.0,0.0,0.0,0.0,0.0,0.0,0.0,0.0,0.0
2022-02-03T06:00:00-00:00,0.2,3.0,0.0,0.0,3.94,3.94,0.0,0.0,0.0,0.0,0.0,2.0,0.0,0.0,0.0,0.0,0.0,0.0,0.0,0.0,0.0,0.0,0.0,0.0,0.0,0.0
2022-02-03T07:00:00-00:00,0.15,3.48,0.0,0.0,3.94,3.94,0.0,0.0,0.0,0.0,0.0,2.30744,0.0,0.0,0.0,0.0,0.0,0.0,0.0,0.0,1.57,0.0,0.0,0.0,0.0,0.0
2022-02-03T08:00:00-00:00,0.15,4.0,0.0,0.0,2.99,1.5,0.0,0.0,0.0,0.0,0.0,1.99,0.75,0.0,0.0,0.0,0.0,0.0,0.0,0.0,0.0,0.0,0.0,0.0,0.0,0.0
2022-02-03T09:00:00-00:00,0.15,3.03,0.0,0.0,2.5,1.5,0.0,0.0,0.0,0.0,0.0,1.97,1.24,0.0,0.0,0.0,0.0,0.0,0.0,0.0,0.0,0.0,0.0,0.0,0.0,0.0
2022-02-03T10:00:00-00:00,0.15,3.08,0.0,0.0,2.5,0.15,0.0,0.0,0.0,0.0,0.0,2.91,1.24,0.85,0.0,0.0,0.0,0.0,0.0,0.0,0.0,0.0,0.0,0.0,0.0,0.0
2022-02-03T11:00:00-00:00,0.15,4.0,0.0,0.01,0.15,0.15,0.0,0.0,0.0,0.0,0.0,1.44496,3.01982,0.85,0.0,0.0,0.0,0.0,0.0,0.0,0.0,0.0,0.0,0.0,0.85,0.0
2022-02-03T12:00:00-00:00,0.15,4.85,0.0,0.0,2.0,1.5,0.0,0.0,0.0,0.0,0.0,0.15,1.74,0.0,0.0,0.0,0.0,0.0,0.0,0.0,0.0,0.0,0.0,0.0,0.0,0.0
2022-02-03T13:00:00-00:00,0.15,5.0,0.0,0.0,3.8035,3.8035,0.0,0.0,0.0,0.0,0.0,0.0,0.0,0.0,0.0,0.0,0.0,0.0,0.0,0.0,0.0,0.0,0.0,0.0,0.0,0.0
2022-02-03T14:00:00-00:00,0.15,3.0,0.0,0.0,18.66,18.44,0.0,0.0,0.0,0.0,0.0,2.0,2.3406,2.3406,0.0,0.0,0.0,0.0,0.0,0.0,0.0,0.0,0.0,0.0,0.0,0.0
2022-02-03T15:00:00-00:00,0.15,3.0,0.0,0.0,23.13055,19.62055,0.0,0.0,0.0,0.0,0.0,2.34,0.0,0.0,0.0,0.0,0.0,0.0,0.0,0.0,0.0,0.0,0.0,0.0,0.0,0.0
2022-02-03T16:00:00-00:00,0.15,5.0,0.0,0.0,3.23,1.85997,0.0,0.0,0.0,0.0,0.0,1.3,0.51,0.0,0.0,0.0,0.0,0.0,0.0,0.0,0.0,0.0,0.0,0.0,0.0,0.0
2022-02-03T17:00:00-00:00,0.15,6.0,0.0,0.0,4.44,1.0,0.0,0.0,0.0,0.0,0.0,5.91526,0.0,0.0,0.0,0.0,0.0,0.0,0.0,0.0,0.0,0.0,0.0,0.0,0.0,0.0
2022-02-03T18:00:00-00:00,0.15,6.61,0.0,0.0,3.53,1.5,0.0,0.0,0.0,0.0,0.0,8.76838,0.91,0.0,0.0,0.0,0.0,0.0,0.0,0.0,0.0,0.0,0.0,0.0,0.0,0.0
2022-02-03T19:00:00-00:00,0.15,9.0,0.0,0.0,3.0,1.5,0.0,0.0,0.0,0.0,0.0,16.63846,1.44,0.0,0.0,0.0,0.0,0.0,0.0,0.0,0.0,0.0,0.0,0.0,0.0,0.0
2022-02-03T20:00:00-00:00,0.15,8.16762,0.0,0.0,2.56,1.0,0.0,0.0,0.0,0.0,0.0,16.85582,1.88,0.0,0.0,0.0,0.0,0.0,0.0,0.0,0.0,0.0,0.0,0.0,0.0,0.0
2022-02-03T21:00:00-00:00,0.15,6.53625,0.0,0.0,2.07,1.0,0.0,0.0,0.0,0.0,0.0,19.45581,1.87,0.0,0.0,0.0,0.0,0.0,0.0,0.0,0.0,0.0,0.0,0.0,0.0,0.0
2022-02-03T22:00:00-00:00,0.15,15.49497,0.0,0.0,2.0,0.15,0.0,0.0,0.0,0.0,0.0,8.43098,2.44,0.85,0.0,0.0,0.0,0.0,0.0,0.0,0.0,0.0,0.0,0.0,0.0,0.0
2022-02-03T23:00:00-00:00,0.12,11.22179,0.0,0.0,3.0,1.5,0.0,0.0,0.0,0.0,0.0,0.0,1.44,0.0,0.0,0.0,0.0,0.0,0.0,0.0,0.0,0.0,0.0,0.0,0.0,0.0
2022-02-04T00:00:00-00:00,0.15,6.96,0.0,0.0,8.04,8.04,0.0,0.0,0.0,0.0,0.0,0.0,0.0,0.0,0.0,0.0,0.0,0.0,0.0,0.0,0.0,0.0,0.0,0.0,0.0,0.0
2022-02-04T01:00:00-00:00,0.15,5.99,0.0,0.0,16.0,16.0,0.0,0.0,0.0,0.0,0.0,0.0,0.0,0.0,0.0,0.0,0.0,0.0,0.0,0.0,0.0,0.0,0.0,0.0,0.0,0.0
2022-02-04T02:00:00-00:00,0.2,5.34,0.0,0.0,28.40246,28.40246,0.0,0.0,0.0,0.0,0.0,0.0,0.0,0.0,0.0,0.0,0.0,0.0,0.0,0.0,0.0,0.0,0.0,0.0,0.0,0.0
2022-02-04T03:00:00-00:00,0.15,3.0,0.0,0.0,12.07203,12.07203,0.0,0.0,0.0,0.0,0.0,2.34,0.0,0.0,0.0,0.0,0.0,0.0,0.0,0.0,0.0,0.0,0.0,0.0,0.0,0.0
2022-02-04T04:00:00-00:00,0.15,2.0,0.0,0.0,5.84,5.84,0.0,0.0,0.0,0.0,0.0,3.99,0.0,0.0,0.0,0.0,0.0,0.0,0.0,0.0,0.03013,0.0,0.0,0.0,0.0,0.0
2022-02-04T05:00:00-00:00,0.15,5.0,0.0,0.0,5.84,5.84,0.0,0.0,0.0,0.0,0.0,0.0,0.0,0.0,0.0,0.0,0.0,0.0,0.0,0.0,0.0,0.0,0.0,0.0,0.0,0.0
2022-02-04T06:00:00-00:00,0.15,4.81,0.0,0.0,4.14,4.14,0.0,0.0,0.0,0.0,0.0,0.19,0.0,0.0,0.0,0.0,0.0,0.0,0.0,0.0,0.86,0.0,0.0,0.0,0.0,0.0
2022-02-04T07:00:00-00:00,0.15,5.0,0.0,0.0,3.94,3.94,0.0,0.0,0.0,0.0,0.0,0.0,0.0,0.0,0.0,0.0,0.0,0.0,0.0,0.0,2.07,0.06997,0.0,0.0,0.0,0.0
2022-02-04T08:00:00-00:00,0.15,3.0,0.0,0.0,2.5,1.0,0.0,0.0,0.0,0.0,0.0,2.0,1.24,0.0,0.0,0.0,0.0,0.0,0.0,0.0,0.0,0.0,0.0,0.0,0.0,0.0
2022-02-04T09:00:00-00:00,0.15,3.0,0.0,0.0,3.0,1.0,0.0,0.0,0.0,0.0,0.0,2.0,0.74,0.0,0.0,0.0,0.0,0.0,0.0,0.0,0.0,0.0,0.0,0.0,0.0,0.0
2022-02-04T10:00:00-00:00,0.15,3.13,0.0,0.0,3.0,1.5,0.0,0.0,0.0,0.0,0.0,0.05346,0.74,0.0,0.0,0.0,0.0,0.0,0.0,0.0,0.0,0.0,0.0,0.0,0.0,0.0
2022-02-04T11:00:00-00:00,0.15,3.00884,0.0,0.0,1.05994,1.0,0.0,0.0,0.0,0.0,0.0,1.99116,2.68006,0.0,0.0,0.0,0.0,0.0,0.0,0.0,0.0,0.0,0.0,0.0,0.0,0.0
2022-02-04T12:00:00-00:00,0.15,4.05,0.0,0.0,2.0,1.5,0.0,0.0,0.0,0.0,0.0,0.95,1.74,0.0,0.0,0.0,0.0,0.0,0.0,0.0,0.0,0.0,0.0,0.0,0.0,0.0
2022-02-04T13:00:00-00:00,0.15,4.35,0.0,0.0,3.74,3.0,0.0,0.0,0.0,0.0,0.0,0.0,0.0,0.0,0.0,0.0,0.0,0.0,0.0,0.0,0.0,0.0,0.0,0.0,0.0,0.0
2022-02-04T14:00:00-00:00,0.15,2.0,0.0,0.0,13.4,13.4,0.0,0.0,0.0,0.0,0.0,2.74,0.0,0.0,0.0,0.0,0.0,0.0,0.0,0.0,0.0,0.0,0.0,0.0,0.0,0.0
2022-02-04T15:00:00-00:00,0.15,3.0,0.0,0.0,6.52511,6.0,0.0,0.0,0.0,0.0,0.0,8.77364,0.0,0.0,0.0,0.0,0.0,0.0,0.0,0.0,2.87489,0.0,0.0,0.0,0.0,0.0
2022-02-04T16:00:00-00:00,0.15,4.35,0.0,0.0,2.0,0.82,0.0,0.0,0.0,0.0,0.0,1.64,1.38895,0.18,0.0,0.0,0.0,0.0,0.0,0.0,0.0,0.0,0.0,0.0,0.0,0.0
2022-02-04T17:00:00-00:00,0.15,4.29,0.0,0.0,4.04,1.0,0.0,0.0,0.0,0.0,0.0,29.83288,0.0,0.0,0.0,0.0,0.0,0.0,0.0,0.0,0.0,0.0,0.0,0.0,0.0,0.0
2022-02-04T18:00:00-00:00,0.15,8.6379,0.0,0.0,3.01,0.71,0.0,0.0,0.0,0.0,0.0,35.15851,1.03,0.29,0.0,0.0,0.0,0.0,0.0,0.0,0.0,0.0,0.0,0.0,0.0,0.0
2022-02-04T19:00:00-00:00,0.15,16.45039,0.0,0.0,3.26642,0.96642,0.0,0.0,0.0,0.0,0.0,35.03972,0.97358,0.03358,0.0,0.0,0.0,0.0,0.0,0.0,0.0,0.0,0.0,0.0,0.0,0.0
2022-02-04T20:00:00-00:00,0.15,6.0,0.0,0.0,3.0,0.7,0.0,0.0,0.0,0.0,0.0,48.49137,1.04,0.3,0.0,0.0,0.0,0.0,0.0,0.0,0.0,0.0,0.0,0.0,0.0,0.0
2022-02-04T21:00:00-00:00,0.15,6.0,0.0,0.0,3.0,0.7,0.0,0.0,0.0,0.0,0.0,50.33538,1.04,0.3,0.0,0.0,0.0,0.0,0.0,0.0,0.0,0.0,0.0,0.0,0.0,0.0
2022-02-04T22:00:00-00:00,0.15,16.58139,0.0,0.0,2.5,0.15,0.0,0.0,0.0,0.0,0.0,32.65835,1.54,0.85,0.0,0.0,0.0,0.0,0.0,0.0,0.0,0.0,0.0,0.0,0.0,0.0
2022-02-04T23:00:00-00:00,0.12,24.71482,0.0,0.0,3.0,0.15,0.0,0.0,0.0,0.0,0.0,5.51553,1.04,0.85,0.0,0.0,0.0,0.0,0.0,0.0,0.0,0.0,0.0,0.0,0.0,0.0
2022-02-05T00:00:00-00:00,0.15,4.35,0.0,0.0,2.0,1.50362,0.0,0.0,0.0,0.0,0.0,1.65,4.23,0.0,0.0,0.0,0.0,0.0,0.0,0.0,0.0,0.0,0.0,0.0,0.0,0.0
2022-02-05T01:00:00-00:00,0.15,5.67,0.0,0.0,12.77262,12.77262,0.0,0.0,0.0,0.0,0.0,0.0,0.0,0.0,0.0,0.0,0.0,0.0,0.0,0.0,0.0,0.0,0.0,0.0,0.0,0.0
2022-02-05T02:00:00-00:00,0.15,3.04,0.0,0.0,12.79525,10.73693,0.0,0.0,0.0,0.0,0.0,2.2,0.0,0.0,0.0,0.0,0.0,0.0,0.0,0.0,0.0,0.0,0.0,0.0,0.0,0.0
2022-02-05T03:00:00-00:00,0.15,2.57,0.0,0.0,6.89,6.89,0.0,0.0,0.0,0.0,0.0,2.67,0.0,0.0,0.0,0.0,0.0,0.0,0.0,0.0,0.0,0.0,0.0,0.0,0.0,0.0
2022-02-05T04:00:00-00:00,0.15,2.5,0.0,0.0,4.68838,4.21275,0.0,0.0,0.0,0.0,0.0,2.74,1.15162,0.78725,0.0,0.0,0.0,0.0,0.0,0.0,0.0,0.0,0.0,0.0,0.0,0.0
2022-02-05T05:00:00-00:00,0.15,3.23559,0.0,0.0,5.84,5.84,0.0,0.0,0.0,0.0,0.0,1.76441,0.0,0.0,0.0,0.0,0.0,0.0,0.0,0.0,0.0,0.0,0.0,0.0,0.0,0.0
2022-02-05T06:00:00-00:00,0.15,3.0,0.0,0.0,2.0,1.9,0.0,0.0,0.0,0.0,0.0,0.7,1.65,0.0,0.0,0.0,0.0,0.0,0.0,0.0,0.0,0.0,0.0,0.0,0.0,0.0
2022-02-05T07:00:00-00:00,0.15,4.2,0.0,0.0,3.94,3.94,0.0,0.0,0.0,0.0,0.0,0.0,0.0,0.0,0.0,0.0,0.0,0.0,0.0,0.0,0.0,0.0,0.0,0.0,0.0,0.0
2022-02-05T08:00:00-00:00,0.15,5.0,0.0,0.0,3.0,3.0,0.0,0.0,0.0,0.0,0.0,0.0,0.74,0.0,0.0,0.0,0.0,0.0,0.0,0.0,0.0,0.0,0.0,0.0,0.0,0.0
2022-02-05T09:00:00-00:00,0.15,4.70682,0.0,0.0,2.0,2.0,0.0,0.0,0.0,0.0,0.0,0.0,1.74,0.0,0.0,0.0,0.0,0.0,0.0,0.0,0.0,0.0,0.0,0.0,0.0,0.0
2022-02-05T10:00:00-00:00,0.15,3.0,0.0,0.0,2.0,1.59449,0.0,0.0,0.0,0.0,0.0,2.2,1.34449,0.0,0.0,0.0,0.0,0.0,0.0,0.0,0.0,0.0,0.0,0.0,0.0,0.0
2022-02-05T11:00:00-00:00,0.15,3.0,0.0,0.0,2.0,1.5,0.0,0.0,0.0,0.0,0.0,6.67641,1.25,0.0,0.0,0.0,0.0,0.0,0.0,0.0,0.0,0.0,0.0,0.0,0.0,0.0
2022-02-05T12:00:00-00:00,0.15,3.24,0.0,0.0,2.0,2.0,0.0,0.0,0.0,0.0,0.0,2.85757,1.74,0.0,0.0,0.0,0.0,0.0,0.0,0.0,0.0,0.0,0.0,0.0,0.0,0.0
2022-02-05T13:00:00-00:00,0.15,5.0,0.0,0.0,4.0,4.0,0.0,0.0,0.0,0.0,0.0,0.0,0.0,0.0,0.0,0.0,0.0,0.0,0.0,0.0,0.0,0.0,0.0,0.0,0.0,0.0
2022-02-05T14:00:00-00:00,0.15,2.5,0.0,0.0,17.87007,17.87007,0.0,0.0,0.0,0.0,0.0,3.49,0.0,0.0,0.0,0.0,0.0,0.0,0.0,0.0,1.66989,0.0,0.0,0.0,0.0,0.0
2022-02-05T15:00:00-00:00,0.15,3.0,0.0,0.0,5.0,2.35382,0.0,0.0,0.0,0.0,0.0,17.0,0.0,0.0,0.0,0.0,0.0,0.0,0.0,0.0,0.0,0.0,0.0,0.0,0.0,0.0
2022-02-05T16:00:00-00:00,0.15,4.29,0.0,0.0,3.74,1.5,0.0,0.0,0.0,0.0,0.0,12.17795,0.0,0.0,0.0,0.0,0.0,0.0,0.0,0.0,6.63413,0.0,0.0,0.0,0.0,0.0
2022-02-05T17:00:00-00:00,0.15,8.0,0.0,0.0,4.04,1.0,0.0,0.0,0.0,0.0,0.0,26.31719,0.0,0.0,0.0,0.0,0.0,0.0,0.0,0.0,0.0,0.0,0.0,0.0,0.0,0.0
2022-02-05T18:00:00-00:00,0.12,8.0,0.0,0.0,3.0,1.0,0.0,0.0,0.0,0.0,0.0,33.38376,1.04,0.0,0.0,0.0,0.0,0.0,0.0,0.0,0.0,0.0,0.0,0.0,0.0,0.0
2022-02-05T19:00:00-00:00,0.12,9.0,0.0,0.0,2.63,1.0,0.0,0.0,0.0,0.0,0.0,39.77164,1.41,0.0,0.0,0.0,0.0,0.0,0.0,0.0,0.0,0.0,0.0,0.0,0.0,0.0
2022-02-05T20:00:00-00:00,0.12,8.0,0.0,0.0,3.0,1.37,0.0,0.0,0.0,0.0,0.0,40.66613,1.04,0.0,0.0,0.0,0.0,0.0,0.0,0.0,0.0,0.0,0.0,0.0,0.0,0.0
2022-02-05T21:00:00-00:00,0.12,8.0,0.0,0.0,3.0,1.37,0.0,0.0,0.0,0.0,0.0,40.67959,1.04,0.0,0.0,0.0,0.0,0.0,0.0,0.0,0.0,0.0,0.0,0.0,0.0,0.0
2022-02-05T22:00:00-00:00,0.12,18.35456,0.0,0.0,2.5,0.87,0.0,0.0,0.0,0.0,0.0,24.56535,1.54,0.13,0.0,0.0,0.0,0.0,0.0,0.0,0.0,0.0,0.0,0.0,0.0,0.0
2022-02-05T23:00:00-00:00,0.12,21.0,0.0,0.0,4.04,1.0,0.0,0.0,0.0,0.0,0.0,5.84047,0.0,0.0,0.0,0.0,0.0,0.0,0.0,0.0,0.0,0.0,0.0,0.0,0.0,0.0
2022-02-06T00:00:00-00:00,0.15,3.0,0.0,0.0,4.02,4.02,0.0,0.0,0.0,0.0,0.0,4.08717,2.02,0.98,0.0,0.0,0.0,0.0,0.0,0.0,0.0,0.0,0.0,0.0,0.0,0.0
2022-02-06T01:00:00-00:00,0.15,3.39111,0.0,0.0,12.51361,12.51361,0.0,0.0,0.0,0.0,0.0,2.59889,4.26639,4.26639,0.0,0.0,0.0,0.0,0.0,0.0,0.0,0.0,0.0,0.0,0.0,0.0
2022-02-06T02:00:00-00:00,0.15,3.03,0.0,0.0,16.11791,16.11791,0.0,0.0,0.0,0.0,0.0,2.96,8.77233,8.77233,0.0,0.0,0.0,0.0,0.0,0.0,0.0,0.0,0.0,0.0,0.0,0.0
2022-02-06T03:00:00-00:00,0.15,2.57,0.0,0.0,12.61877,12.61877,0.0,0.0,0.0,0.0,0.0,2.77,0.74454,0.74454,0.0,0.0,0.0,0.0,0.0,0.0,0.0,0.0,0.0,0.0,0.0,0.0
2022-02-06T04:00:00-00:00,0.15,2.38792,0.0,0.0,6.88339,6.88339,0.0,0.0,0.0,0.0,0.0,3.60208,2.30838,0.0,0.0,0.0,0.0,0.0,0.0,0.0,0.0,0.0,0.0,0.0,0.0,0.0
2022-02-06T05:00:00-00:00,0.15,2.81,0.0,0.0,6.0,6.0,0.0,0.0,0.0,0.0,0.0,2.19,0.0,0.0,0.0,0.0,0.0,0.0,0.0,0.0,0.0,0.0,0.0,0.0,0.0,0.0
2022-02-06T06:00:00-00:00,0.15,3.0,0.0,0.0,5.0,5.0,0.0,0.0,0.0,0.0,0.0,2.0,0.0,0.0,0.0,0.0,0.0,0.0,0.0,0.0,0.0,0.0,0.0,0.0,0.0,0.0
2022-02-06T07:00:00-00:00,0.15,4.01,0.0,0.0,4.11467,4.11467,0.0,0.0,0.0,0.0,0.0,0.99,0.0,0.0,0.0,0.0,0.0,0.0,0.0,0.0,4.0,0.0,0.0,0.0,0.0,0.0
2022-02-06T08:00:00-00:00,0.15,3.0,0.0,0.0,3.0,3.0,0.0,0.0,0.0,0.0,0.0,2.43599,0.74,0.0,0.0,0.0,0.0,0.0,0.0,0.0,0.0,0.0,0.0,0.0,0.0,0.0
2022-02-06T09:00:00-00:00,0.15,3.0,0.0,0.0,2.5,2.5,0.0,0.0,0.0,0.0,0.0,2.0,1.24,0.0,0.0,0.0,0.0,0.0,0.0,0.0,0.0,0.0,0.0,0.0,0.0,0.0
2022-02-06T10:00:00-00:00,0.15,2.5,0.0,0.0,2.5,2.5,0.0,0.0,0.0,0.0,0.0,2.7,1.24,0.0,0.0,0.0,0.0,0.0,0.0,0.0,0.0,0.0,0.0,0.0,0.0,0.0
2022-02-06T11:00:00-00:00,0.15,3.0,0.0,0.0,2.0,2.0,0.0,0.0,0.0,0.0,0.0,2.84871,1.74,0.0,0.0,0.0,0.0,0.0,0.0,0.0,0.0,0.0,0.0,0.0,0.0,0.0
2022-02-06T12:00:00-00:00,0.15,5.0,0.0,0.0,2.5,2.5,0.0,0.0,0.0,0.0,0.0,0.0,1.24,0.0,0.0,0.0,0.0,0.0,0.0,0.0,0.0,0.0,0.0,0.0,0.0,0.0
2022-02-06T13:00:00-00:00,0.15,5.0,0.0,0.0,3.74,3.74,0.0,0.0,0.0,0.0,0.0,0.0,0.0,0.0,0.0,0.0,0.0,0.0,0.0,0.0,0.0,0.0,0.0,0.0,0.0,0.0
2022-02-06T14:00:00-00:00,0.15,2.5,0.0,0.0,6.10108,6.0,0.0,0.0,0.0,0.0,0.0,15.99631,5.93892,0.0,0.0,0.0,0.0,0.0,0.0,0.0,0.0,0.0,0.0,0.0,0.0,0.0
2022-02-06T15:00:00-00:00,0.15,3.0,0.0,0.0,4.21955,4.21955,0.0,0.0,0.0,0.0,0.0,18.15,0.0,0.0,0.0,0.0,0.0,0.0,0.0,0.0,0.79045,0.0,0.0,0.0,0.0,0.0
2022-02-06T16:00:00-00:00,0.15,4.12,0.0,0.0,4.0,1.5,0.0,0.0,0.0,0.0,0.0,45.82904,0.0,0.0,0.0,0.0,0.0,0.0,0.0,0.0,4.89122,0.0,0.0,0.0,0.0,0.0
2022-02-06T17:00:00-00:00,0.15,7.00062,0.0,0.0,4.04,1.5,0.0,0.0,0.0,0.0,0.0,124.26947,0.0,0.0,0.0,0.0,0.0,0.0,0.0,0.0,0.0,0.0,0.0,0.0,0.0,0.0
2022-02-06T18:00:00-00:00,0.15,8.08549,0.0,0.0,3.0,1.01,0.0,0.0,0.0,0.0,0.0,131.69334,1.04,0.0,0.0,0.0,0.0,0.0,0.0,0.0,0.0,0.0,0.0,0.0,0.0,0.0
2022-02-06T19:00:00-00:00,0.15,14.48121,0.0,0.0,2.99,1.0,0.0,0.0,0.0,0.0,0.0,130.32042,1.05,0.0,0.0,0.0,0.0,0.0,0.0,0.0,0.0,0.0,0.0,0.0,0.0,0.0
2022-02-06T20:00:00-00:00,0.15,8.0,0.0,0.0,3.0,1.01,0.0,0.0,0.0,0.0,0.0,137.84592,1.04,0.0,0.0,0.0,0.0,0.0,0.0,0.0,0.0,0.0,0.0,0.0,0.0,0.0
2022-02-06T21:00:00-00:00,0.15,8.0,0.0,0.0,2.5,1.0,0.0,0.0,0.0,0.0,0.0,138.31735,1.54,0.0,0.0,0.0,0.0,0.0,0.0,0.0,0.0,0.0,0.0,0.0,0.0,0.0
2022-02-06T22:00:00-00:00,0.15,15.0,0.0,0.0,2.5,0.51,0.0,0.0,0.0,0.0,0.0,48.12485,1.54,0.49,0.0,0.0,0.0,0.0,0.0,0.0,0.0,0.0,0.0,0.0,0.0,0.0
2022-02-06T23:00:00-00:00,0.15,34.7494,0.0,0.0,4.24,1.0,0.0,0.0,0.0,0.0,0.0,18.67189,0.0,0.0,0.0,0.0,0.0,0.0,0.0,0.0,0.0,0.0,0.0,0.0,0.0,0.0
2022-02-07T00:00:00-00:00,0.15,6.24527,0.0,0.0,3.86,3.86,0.0,0.0,0.0,0.0,0.0,3.75473,2.18,0.0,0.0,0.0,0.0,0.0,0.0,0.0,0.0,0.0,0.0,0.0,0.0,0.0
2022-02-07T01:00:00-00:00,0.15,3.0,0.0,0.0,10.03682,10.03682,0.0,0.0,0.0,0.0,0.0,3.29177,2.00318,0.0,0.0,0.0,0.0,0.0,0.0,0.0,0.0,0.0,0.0,0.0,0.0,0.0
2022-02-07T02:00:00-00:00,0.15,2.54991,0.0,0.0,14.0,13.0,0.0,0.0,0.0,0.0,0.0,2.79009,1.04,0.0,0.0,0.0,0.0,0.0,0.0,0.0,0.0,0.0,0.0,0.0,0.0,0.0
2022-02-07T03:00:00-00:00,0.15,2.5,0.0,0.0,6.71458,6.71458,0.0,0.0,0.0,0.0,0.0,6.8709,3.32542,0.0,0.0,0.0,0.0,0.0,0.0,0.0,0.0,0.0,0.0,0.0,0.0,0.0
2022-02-07T04:00:00-00:00,0.15,2.5,0.0,0.0,5.0,5.0,0.0,0.0,0.0,0.0,0.0,18.65,3.04,0.0,0.0,0.0,0.0,0.0,0.0,0.0,0.0,0.0,0.0,0.0,0.0,0.0
2022-02-07T05:00:00-00:00,0.15,3.0,0.0,0.0,5.34,5.34,0.0,0.0,0.0,0.0,0.0,2.99,0.2,0.0,0.0,0.0,0.0,0.0,0.0,0.0,0.0,0.0,0.0,0.0,0.0,0.0
2022-02-07T06:00:00-00:00,0.15,2.5,0.0,0.0,4.34,4.34,0.0,0.0,0.0,0.0,0.0,75.29451,0.0,0.0,0.0,0.0,0.0,0.0,0.0,0.0,0.0,0.0,0.0,0.0,0.0,0.0
2022-02-07T07:00:00-00:00,0.15,7.90446,0.0,0.0,4.04,2.3,0.0,0.0,0.0,0.0,0.0,0.0,0.0,0.0,0.0,0.0,0.0,0.0,0.0,0.0,2.96,0.0,0.0,0.0,0.0,0.0
2022-02-07T08:00:00-00:00,0.15,2.78,0.0,0.0,2.5,1.99716,0.0,0.0,0.0,0.0,0.0,2.23151,1.23716,0.0,0.0,0.0,0.0,0.0,0.0,0.0,0.0,0.0,0.0,0.0,0.0,0.0
2022-02-07T09:00:00-00:00,0.15,2.82,0.0,0.0,2.34858,2.33858,0.0,0.0,0.0,0.0,0.0,2.18,1.39142,0.0,0.0,0.0,0.0,0.0,0.0,0.0,0.0,0.0,0.0,0.0,0.0,0.0
2022-02-07T10:00:00-00:00,0.15,2.82,0.0,0.0,2.10057,2.09057,0.0,0.0,0.0,0.0,0.0,2.18,1.63943,0.0,0.0,0.0,0.0,0.0,0.0,0.0,0.0,0.0,0.0,0.0,0.0,0.0
2022-02-07T11:00:00-00:00,0.15,2.82,0.0,0.0,2.0,1.99,0.0,0.0,0.0,0.0,0.0,2.18,1.73,0.0,0.0,0.0,0.0,0.0,0.0,0.0,0.0,0.0,0.0,0.0,0.0,0.0
2022-02-07T12:00:00-00:00,0.15,2.82,0.0,0.0,2.92,2.91,0.0,0.0,0.0,0.0,0.0,4.39392,0.82,0.0,0.0,0.0,0.0,0.0,0.0,0.0,0.0,0.0,0.0,0.0,0.0,0.0
2022-02-07T13:00:00-00:00,0.15,5.0,0.0,0.0,3.94,3.94,0.0,0.0,0.0,0.0,0.0,0.0,0.0,0.0,0.0,0.0,0.0,0.0,0.0,0.0,0.0,0.0,0.0,0.0,0.0,0.0
2022-02-07T14:00:00-00:00,0.15,2.5,0.0,0.0,22.20282,22.20282,0.0,0.0,0.0,0.0,0.0,2.94,6.47775,6.47775,0.0,0.0,0.0,0.0,0.0,0.0,0.0,0.0,0.0,0.0,0.0,0.0
2022-02-07T15:00:00-00:00,0.15,2.5,0.0,0.0,5.0,5.0,0.0,0.0,0.0,0.0,0.0,19.0,0.0,0.0,0.0,0.0,0.0,0.0,0.0,0.0,0.11,0.0,0.0,0.0,0.0,0.0
2022-02-07T16:00:00-00:00,0.15,4.12,0.0,0.0,4.10502,1.5,0.0,0.0,0.0,0.0,0.0,9.81797,0.0,0.0,0.0,0.0,0.0,0.0,0.0,0.0,0.0,0.0,0.0,0.0,0.0,0.0
2022-02-07T17:00:00-00:00,0.15,4.84,0.0,0.0,3.09,1.5,0.0,0.0,0.0,0.0,0.0,21.89944,0.95,0.0,0.0,0.0,0.0,0.0,0.0,0.0,0.0,0.0,0.0,0.0,0.0,0.0
2022-02-07T18:00:00-00:00,0.15,8.01,0.0,0.0,3.0,1.41,0.0,0.0,0.0,0.0,0.0,9.42088,1.04,0.0,0.0,0.0,0.0,0.0,0.0,0.0,0.0,0.0,0.0,0.0,0.0,0.0
2022-02-07T19:00:00-00:00,0.15,12.13651,0.0,0.0,3.0,1.41,0.0,0.0,0.0,0.0,0.0,21.24354,1.04,0.0,0.0,0.0,0.0,0.0,0.0,0.0,0.0,0.0,0.0,0.0,0.0,0.0
2022-02-07T20:00:00-00:00,0.15,6.0,0.0,0.0,2.59,1.0,0.0,0.0,0.0,0.0,0.0,16.87357,1.45,0.0,0.0,0.0,0.0,0.0,0.0,0.0,0.0,0.0,0.0,0.0,0.0,0.0
2022-02-07T21:00:00-00:00,0.15,6.0,0.0,0.0,2.59,1.0,0.0,0.0,0.0,0.0,0.0,17.78478,1.45,0.0,0.0,0.0,0.0,0.0,0.0,0.0,0.0,0.0,0.0,0.0,0.0,0.0
2022-02-07T22:00:00-00:00,0.15,9.49273,0.0,0.0,2.59,1.0,0.0,0.0,0.0,0.0,0.0,11.0413,1.45,0.0,0.0,0.0,0.0,0.0,0.0,0.0,0.0,0.0,0.0,0.0,0.0,0.0
2022-02-07T23:00:00-00:00,0.12,20.5277,0.0,0.0,3.05,1.0,0.0,0.0,0.0,0.0,0.0,0.82502,0.99,0.0,0.0,0.0,0.0,0.0,0.0,0.0,0.0,0.0,0.0,0.0,0.0,0.0
2022-02-08T00:00:00-00:00,0.15,3.06,0.0,0.0,3.93,3.93,0.0,0.0,0.0,0.0,0.0,2.93,2.11,1.07,0.0,0.0,0.0,0.0,0.0,0.0,0.0,0.0,0.0,0.0,0.0,0.0
2022-02-08T01:00:00-00:00,0.15,5.44,0.0,0.0,12.94106,12.94106,0.0,0.0,0.0,0.0,0.0,0.0,11.09052,11.09052,0.0,0.0,0.0,0.0,0.0,0.0,0.0,0.0,0.0,0.0,0.0,0.0
2022-02-08T02:00:00-00:00,0.15,3.51246,0.0,0.0,20.79706,20.79706,0.0,0.0,0.0,0.0,0.0,1.82754,8.40729,8.40729,0.0,0.0,0.0,0.0,0.0,0.0,0.0,0.0,0.0,0.0,0.0,0.0
2022-02-08T03:00:00-00:00,0.15,2.73,0.0,0.0,9.0,9.0,0.0,0.0,0.0,0.0,0.0,2.61,3.74,3.74,0.0,0.0,0.0,0.0,0.0,0.0,0.0,0.0,0.0,0.0,0.0,0.0
2022-02-08T04:00:00-00:00,0.15,2.5,0.0,0.0,8.74,7.78102,0.0,0.0,0.0,0.0,0.0,3.49,0.0,0.0,0.0,0.0,0.0,0.0,0.0,0.0,0.0,0.0,0.0,0.0,0.0,0.0
2022-02-08T05:00:00-00:00,0.15,2.5,0.0,0.0,4.9,3.83,0.0,0.0,0.0,0.0,0.0,2.5,0.0,0.0,0.0,0.0,0.0,0.0,0.0,0.0,0.0,0.0,0.0,0.0,0.0,0.0
2022-02-08T06:00:00-00:00,0.15,3.6112,0.0,0.0,3.0,2.87,0.0,0.0,0.0,0.0,0.0,1.3888,1.0,0.0,0.0,0.0,0.0,0.0,0.0,0.0,0.0,0.0,0.0,0.0,0.0,0.0
2022-02-08T07:00:00-00:00,0.15,2.78,0.0,0.0,4.04,4.04,0.0,0.0,0.0,0.0,0.0,3.22,0.0,0.0,0.0,0.0,0.0,0.0,0.0,0.0,0.77,0.0,0.0,0.0,0.0,0.0
2022-02-08T08:00:00-00:00,0.15,5.99,0.0,0.0,3.31299,3.0,0.0,0.0,0.0,0.0,0.0,0.0,0.42701,0.0,0.0,0.0,0.0,0.0,0.0,0.0,0.0,0.0,0.0,0.0,0.0,0.0
2022-02-08T09:00:00-00:00,0.15,5.0,0.0,0.0,2.31728,2.31728,0.0,0.0,0.0,0.0,0.0,0.80478,1.42272,0.0,0.0,0.0,0.0,0.0,0.0,0.0,0.0,0.0,0.0,0.0,0.0,0.0
2022-02-08T10:00:00-00:00,0.15,3.97568,0.0,0.0,2.0,1.95097,0.0,0.0,0.0,0.0,0.0,2.01432,1.70097,0.0,0.0,0.0,0.0,0.0,0.0,0.0,0.0,0.0,0.0,0.0,0.0,0.0
2022-02-08T11:00:00-00:00,0.15,3.0,0.0,0.0,2.0,1.56863,0.0,0.0,0.0,0.0,0.0,2.99,1.31863,0.0,0.0,0.0,0.0,0.0,0.0,0.0,0.0,0.0,0.0,0.0,0.0,0.0
2022-02-08T12:00:00-00:00,0.15,5.99,0.0,0.0,2.5,2.5,0.0,0.0,0.0,0.0,0.0,0.0,1.24,0.0,0.0,0.0,0.0,0.0,0.0,0.0,0.0,0.0,0.0,0.0,0.0,0.0
2022-02-08T13:00:00-00:00,0.15,3.0,0.0,0.0,3.73993,3.73993,0.0,0.0,0.0,0.0,0.0,2.76181,0.0,0.0,0.0,0.0,0.0,0.0,0.0,0.0,0.0,0.0,0.0,0.0,0.0,0.0
2022-02-08T14:00:00-00:00,0.15,3.56897,0.0,0.0,17.32692,17.32692,0.0,0.0,0.0,0.0,0.0,1.77103,0.0,0.0,0.0,0.0,0.0,0.0,0.0,0.0,0.0,0.0,0.0,0.0,0.0,0.0
2022-02-08T15:00:00-00:00,0.15,6.59492,0.0,0.0,6.0,6.0,0.0,0.0,0.0,0.0,0.0,0.05615,0.0,0.0,0.0,0.0,0.0,0.0,0.0,0.0,2.95,0.0,0.0,0.0,0.0,0.0
2022-02-08T16:00:00-00:00,0.12,4.12,0.0,0.0,4.04,3.44725,0.0,0.0,0.0,0.0,0.0,11.02,0.0,0.0,0.0,0.0,0.0,0.0,0.0,0.0,0.0,0.0,0.0,0.0,0.0,0.0
2022-02-08T17:00:00-00:00,0.12,9.95735,0.0,0.0,4.04,4.04,0.0,0.0,0.0,0.0,0.0,18.27241,0.0,0.0,0.0,0.0,0.0,0.0,0.0,0.0,0.0,0.0,0.0,0.0,0.0,0.0
2022-02-08T18:00:00-00:00,0.12,15.65722,0.0,0.0,3.01,1.5,0.0,0.0,0.0,0.0,0.0,12.3182,1.03,0.0,0.0,0.0,0.0,0.0,0.0,0.0,0.0,0.0,0.0,0.0,0.0,0.0
2022-02-08T19:00:00-00:00,0.12,17.40815,0.0,0.0,3.08,1.5,0.0,0.0,0.0,0.0,0.0,20.39164,0.92,0.0,0.0,0.0,0.0,0.0,0.0,0.0,0.0,0.0,0.0,0.0,0.0,0.0
2022-02-08T20:00:00-00:00,0.12,6.0,0.0,0.0,3.0,1.42,0.0,0.0,0.0,0.0,0.0,34.39908,1.04,0.0,0.0,0.0,0.0,0.0,0.0,0.0,0.0,0.0,0.0,0.0,0.0,0.0
2022-02-08T21:00:00-00:00,0.12,6.0,0.0,0.0,2.94,1.36,0.0,0.0,0.0,0.0,0.0,35.11392,1.1,0.0,0.0,0.0,0.0,0.0,0.0,0.0,0.0,0.0,0.0,0.0,0.0,0.0
2022-02-08T22:00:00-00:00,0.12,10.0,0.0,0.0,2.58,1.0,0.0,0.0,0.0,0.0,0.0,25.6883,1.46,0.0,0.0,0.0,0.0,0.0,0.0,0.0,0.0,0.0,0.0,0.0,0.0,0.0
2022-02-08T23:00:00-00:00,0.12,11.16426,0.0,0.0,4.04,1.5,0.0,0.0,0.0,0.0,0.0,0.0,0.0,0.0,0.0,0.0,0.0,0.0,0.0,0.0,0.0,0.0,0.0,0.0,0.0,0.0
2022-02-09T00:00:00-00:00,0.15,5.14205,0.0,0.0,6.49,6.49,0.0,0.0,0.0,0.0,0.0,5.85795,0.0,0.0,0.0,0.0,0.0,0.0,0.0,0.0,0.0,0.0,0.0,0.0,0.0,0.0
2022-02-09T01:00:00-00:00,0.27,3.82,0.0,0.0,14.0,14.0,0.0,0.0,0.0,0.0,0.0,1.62,0.0,0.0,0.0,0.0,0.0,0.0,0.0,0.0,0.0,0.0,0.0,0.0,0.0,0.0
2022-02-09T02:00:00-00:00,0.27,3.00713,0.0,0.0,18.6391,18.6391,0.0,0.0,0.0,0.0,0.0,2.33287,0.0,0.0,0.0,0.0,0.0,0.0,0.0,0.0,0.0,0.0,0.0,0.0,0.0,0.0
2022-02-09T03:00:00-00:00,0.27,2.5,0.0,0.0,10.04,10.04,0.0,0.0,0.0,0.0,0.0,2.84,0.0,0.0,0.0,0.0,0.0,0.0,0.0,0.0,0.0,0.0,0.0,0.0,0.0,0.0
2022-02-09T04:00:00-00:00,0.15,2.91803,0.0,0.0,7.50154,7.50154,0.0,0.0,0.0,0.0,0.0,2.42197,0.0,0.0,0.0,0.0,0.0,0.0,0.0,0.0,0.0,0.0,0.0,0.0,0.0,0.0
2022-02-09T05:00:00-00:00,0.15,2.5,0.0,0.0,4.64,3.25,0.0,0.0,0.0,0.0,0.0,3.49,0.0,0.0,0.0,0.0,0.0,0.0,0.0,0.0,0.0,0.0,0.0,0.0,0.0,0.0
2022-02-09T06:00:00-00:00,0.15,3.2414,0.0,0.0,3.74,3.74,0.0,0.0,0.0,0.0,0.0,2.7486,0.0,0.0,0.0,0.0,0.0,0.0,0.0,0.0,0.0,0.0,0.0,0.0,0.0,0.0
2022-02-09T07:00:00-00:00,0.15,3.17,0.0,0.0,3.16,3.0,0.0,0.0,0.0,0.0,0.0,1.83,0.58,0.0,0.0,0.0,0.0,0.0,0.0,0.0,0.0,0.0,0.0,0.0,0.0,0.0
2022-02-09T08:00:00-00:00,0.15,3.21,0.0,0.01,1.5,1.5,0.0,0.0,0.0,0.0,0.0,1.79,2.19484,0.0,0.0,0.0,0.0,0.0,0.0,0.0,0.0,0.0,0.0,0.0,0.0,0.0
2022-02-09T09:00:00-00:00,0.15,3.0,0.0,0.0,2.0,1.0,0.0,0.0,0.0,0.0,0.0,2.09893,1.74,0.0,0.0,0.0,0.0,0.0,0.0,0.0,0.0,0.0,0.0,0.0,0.0,0.0
2022-02-09T10:00:00-00:00,0.15,3.0,0.0,0.0,2.0,1.0,0.0,0.0,0.0,0.0,0.0,2.0,1.74,0.0,0.0,0.0,0.0,0.0,0.0,0.0,0.0,0.0,0.0,0.0,0.0,0.0
2022-02-09T11:00:00-00:00,0.15,3.0,0.0,0.0,2.0,1.08244,0.0,0.0,0.0,0.0,0.0,2.0,1.74,0.0,0.0,0.0,0.0,0.0,0.0,0.0,0.0,0.0,0.0,0.0,0.0,0.0
2022-02-09T12:00:00-00:00,0.15,3.18,0.0,0.0,2.29024,2.29024,0.0,0.0,0.0,0.0,0.0,1.82,1.44976,0.0,0.0,0.0,0.0,0.0,0.0,0.0,0.0,0.0,0.0,0.0,0.0,0.0
2022-02-09T13:00:00-00:00,0.15,5.01,0.0,0.0,3.0,3.0,0.0,0.0,0.0,0.0,0.0,0.0,0.74,0.0,0.0,0.0,0.0,0.0,0.0,0.0,0.0,0.0,0.0,0.0,0.0,0.0
2022-02-09T14:00:00-00:00,0.15,5.02417,0.0,0.0,15.04,15.04,0.0,0.0,0.0,0.0,0.0,0.11583,0.0,0.0,0.0,0.0,0.0,0.0,0.0,0.0,0.0,0.0,0.0,0.0,0.0,0.0
2022-02-09T15:00:00-00:00,0.15,3.0,0.0,0.0,5.64,5.64,0.0,0.0,0.0,0.0,0.0,12.86864,0.0,0.0,0.0,0.0,0.0,0.0,0.0,0.0,0.0,0.0,0.0,0.0,0.0,0.0
2022-02-09T16:00:00-00:00,0.12,4.12,0.0,0.0,4.04,1.0,0.0,0.0,0.0,0.0,0.0,3.68,0.0,0.0,0.0,0.0,0.0,0.0,0.0,0.0,0.0,0.0,0.0,0.0,0.0,0.0
2022-02-09T17:00:00-00:00,0.15,8.0,0.0,0.0,3.01,1.25,0.0,0.0,0.0,0.0,0.0,51.62925,1.03,0.0,0.0,0.0,0.0,0.0,0.0,0.0,0.0,0.0,0.0,0.0,0.0,0.0
2022-02-09T18:00:00-00:00,0.15,10.85049,0.0,0.0,3.01,1.0,0.0,0.0,0.0,0.0,0.0,52.99759,1.03,0.0,0.0,0.0,0.0,0.0,0.0,0.0,0.0,0.0,0.0,0.0,0.0,0.0
2022-02-09T19:00:00-00:00,0.15,8.55,0.0,0.0,3.0,1.24,0.0,0.0,0.0,0.0,0.0,61.8912,1.04,0.0,0.0,0.0,0.0,0.0,0.0,0.0,0.0,0.0,0.0,0.0,0.0,0.0
2022-02-09T20:00:00-00:00,0.15,8.27546,0.0,0.0,3.0,1.24,0.0,0.0,0.0,0.0,0.0,29.67454,1.04,0.0,0.0,0.0,0.0,0.0,0.0,0.0,0.0,0.0,0.0,0.0,0.0,0.0
2022-02-09T21:00:00-00:00,0.15,8.0,0.0,0.0,3.0,1.24,0.0,0.0,0.0,0.0,0.0,15.18,1.04,0.0,0.0,0.0,0.0,0.0,0.0,0.0,0.0,0.0,0.0,0.0,0.0,0.0
2022-02-09T22:00:00-00:00,0.15,8.99,0.0,0.0,3.0,1.24,0.0,0.0,0.0,0.0,0.0,15.9,1.04,0.0,0.0,0.0,0.0,0.0,0.0,0.0,0.0,0.0,0.0,0.0,0.0,0.0
2022-02-09T23:00:00-00:00,0.12,11.77511,0.0,0.0,3.0,1.24,0.0,0.0,0.0,0.0,0.0,0.0,1.04,0.0,0.0,0.0,0.0,0.0,0.0,0.0,0.0,0.0,0.0,0.0,0.0,0.0
2022-02-10T00:00:00-00:00,0.15,3.9,0.0,0.0,4.75968,4.75968,0.0,0.0,0.0,0.0,0.0,1.1,1.38032,1.38032,0.0,0.0,0.0,0.0,0.0,0.0,0.0,0.0,0.0,0.0,0.0,0.0
2022-02-10T01:00:00-00:00,1.0,5.0,0.0,0.0,14.79858,14.79858,0.0,0.0,0.0,0.0,0.0,0.99,8.13914,8.13914,0.0,0.0,0.0,0.0,0.0,0.0,0.0,0.0,0.0,0.0,0.0,0.0
2022-02-10T02:00:00-00:00,0.25,2.24571,0.00958,0.0,17.66,17.66,0.0,0.0,0.0,0.0,0.0,3.16693,18.99513,18.99513,0.0,0.0,0.0,0.0,0.0,0.0,0.0,0.0,0.0,0.0,0.0,0.0
2022-02-10T03:00:00-00:00,0.25,4.68868,0.0,0.0,10.54248,10.54248,0.0,0.0,0.0,0.0,0.0,0.45132,6.02126,6.02126,0.0,0.0,0.0,0.0,0.0,0.0,0.0,0.0,0.0,0.0,0.0,0.0
2022-02-10T04:00:00-00:00,0.15,2.5,0.0,0.0,6.70566,6.70566,0.0,0.0,0.0,0.0,0.0,3.49,0.33434,0.33434,0.0,0.0,0.0,0.0,0.0,0.0,0.0,0.0,0.0,0.0,0.0,0.0
2022-02-10T05:00:00-00:00,0.15,2.5,0.0,0.0,4.64,4.64,0.0,0.0,0.0,0.0,0.0,3.49,0.0,0.0,0.0,0.0,0.0,0.0,0.0,0.0,0.0,0.0,0.0,0.0,0.0,0.0
2022-02-10T06:00:00-00:00,0.15,2.5,0.0,0.0,2.0,1.9,0.0,0.0,0.0,0.0,0.0,2.5,1.74,1.01,0.0,0.0,0.0,0.0,0.0,0.0,0.0,0.0,0.0,0.0,0.0,0.0
2022-02-10T07:00:00-00:00,0.15,3.18,0.0,0.0,2.0,1.84321,0.0,0.0,0.0,0.0,0.0,2.81,1.74,0.0,0.0,0.0,0.0,0.0,0.0,0.0,0.0,0.0,0.0,0.0,0.0,0.0
2022-02-10T08:00:00-00:00,0.15,3.0,0.0,0.0,2.0,1.86,0.0,0.0,0.0,0.0,0.0,2.0,1.74,0.0,0.0,0.0,0.0,0.0,0.0,0.0,0.0,0.0,0.0,0.0,0.0,0.0
2022-02-10T09:00:00-00:00,0.15,2.9,0.0,0.0,2.0,1.0,0.0,0.0,0.0,0.0,0.0,2.1,1.74,0.0,0.0,0.0,0.0,0.0,0.0,0.0,0.0,0.0,0.0,0.0,0.0,0.0
2022-02-10T10:00:00-00:00,0.15,2.83,0.0,0.0,0.81,0.15,0.0,0.0,0.0,0.0,0.0,2.56,2.93,0.85,0.0,0.0,0.0,0.0,0.0,0.0,0.0,0.0,0.0,0.0,0.0,0.0
2022-02-10T11:00:00-00:00,0.15,3.0,0.0,0.0,2.0,1.28967,0.0,0.0,0.0,0.0,0.0,2.0,1.74,0.0,0.0,0.0,0.0,0.0,0.0,0.0,0.0,0.0,0.0,0.0,0.0,0.0
2022-02-10T12:00:00-00:00,0.15,4.29189,0.0,0.0,2.0,1.86,0.0,0.0,0.0,0.0,0.0,0.0,1.74,0.0,0.0,0.0,0.0,0.0,0.0,0.0,0.0,0.0,0.0,0.0,0.0,0.0
2022-02-10T13:00:00-00:00,0.15,3.0,0.0,0.0,3.01,3.01,0.0,0.0,0.0,0.0,0.0,2.0,0.73,0.0,0.0,0.0,0.0,0.0,0.0,0.0,0.0,0.0,0.0,0.0,0.0,0.0
2022-02-10T14:00:00-00:00,0.15,2.5,0.0,0.0,13.21387,13.21387,0.0,0.0,0.0,0.0,0.0,2.54,0.0,0.0,0.0,0.0,0.0,0.0,0.0,0.0,0.0,0.0,0.0,0.0,0.0,0.0
2022-02-10T15:00:00-00:00,0.15,2.5,0.0,0.0,5.04,5.04,0.0,0.0,0.0,0.0,0.0,3.49,0.0,0.0,0.0,0.0,0.0,0.0,0.0,0.0,0.0,0.0,0.0,0.0,0.0,0.0
2022-02-10T16:00:00-00:00,0.12,4.29,0.0,0.0,4.04,1.0,0.0,0.0,0.0,0.0,0.0,1.7,0.0,0.0,0.0,0.0,0.0,0.0,0.0,0.0,0.0,0.0,0.0,0.0,0.0,0.0
2022-02-10T17:00:00-00:00,0.15,10.53908,0.0,0.0,3.01,1.0,0.0,0.0,0.0,0.0,0.0,3.78668,0.99,0.0,0.0,0.0,0.0,0.0,0.0,0.0,0.0,0.0,0.0,0.0,0.0,0.0
2022-02-10T18:00:00-00:00,0.15,9.6533,0.0,0.0,3.01,1.5,0.0,0.0,0.0,0.0,0.0,7.35603,1.03,0.0,0.0,0.0,0.0,0.0,0.0,0.0,0.0,0.0,0.0,0.0,0.0,0.0
2022-02-10T19:00:00-00:00,0.15,9.97,0.0,0.0,3.0,1.18,0.0,0.0,0.0,0.0,0.0,7.84134,1.04,0.0,0.0,0.0,0.0,0.0,0.0,0.0,0.0,0.0,0.0,0.0,0.0,0.0
2022-02-10T20:00:00-00:00,0.15,8.0,0.0,0.0,3.32,1.5,0.0,0.0,0.0,0.0,0.0,5.33,0.72,0.0,0.0,0.0,0.0,0.0,0.0,0.0,0.0,0.0,0.0,0.0,0.0,0.0
2022-02-10T21:00:00-00:00,0.15,8.0,0.0,0.0,3.32,1.5,0.0,0.0,0.0,0.0,0.0,7.59177,0.72,0.0,0.0,0.0,0.0,0.0,0.0,0.0,0.0,0.0,0.0,0.0,0.0,0.0
2022-02-10T22:00:00-00:00,0.15,11.70307,0.0,0.0,2.97809,1.15809,0.0,0.0,0.0,0.0,0.0,0.0,1.06191,0.0,0.0,0.0,0.0,0.0,0.0,0.0,0.0,0.0,0.0,0.0,0.0,0.0
2022-02-10T23:00:00-00:00,0.12,7.19936,0.0,0.0,3.32,1.5,0.0,0.0,0.0,0.0,0.0,0.0,0.72,0.0,0.0,0.0,0.0,0.0,0.0,0.0,0.0,0.0,0.0,0.0,0.0,0.0
2022-02-11T00:00:00-00:00,0.15,5.99,0.0,0.0,6.24,6.24,0.0,0.0,0.0,0.0,0.0,0.0,0.0,0.0,0.0,0.0,0.0,0.0,0.0,0.0,0.0,0.0,0.0,0.0,0.0,0.0
2022-02-11T01:00:00-00:00,14.07254,3.35,0.0,0.0,17.26,17.26,0.0,0.0,0.0,0.0,0.0,2.14,10.85,10.85,0.0,0.0,0.0,0.0,0.0,0.0,0.0,0.0,0.0,0.0,0.0,0.0
2022-02-11T02:00:00-00:00,6.0,1.74898,0.01,0.0,19.028,19.028,0.0,0.0,0.0,0.0,0.0,3.43909,11.07056,11.07056,0.0,0.0,0.0,0.0,0.0,0.0,0.0,0.0,0.0,0.0,0.0,0.0
2022-02-11T03:00:00-00:00,0.2,2.69,0.0,0.0,9.5802,9.5802,0.0,0.0,0.0,0.0,0.0,2.35,5.4598,5.4598,0.0,0.0,0.0,0.0,0.0,0.0,0.0,0.0,0.0,0.0,0.0,0.0
2022-02-11T04:00:00-00:00,0.15,2.0,0.0,0.0,6.16455,6.16455,0.0,0.0,0.0,0.0,0.0,3.99,0.06545,0.0,0.0,0.0,0.0,0.0,0.0,0.0,0.0,0.0,0.0,0.0,0.0,0.0
2022-02-11T05:00:00-00:00,0.15,3.0,0.0,0.0,3.86945,3.86945,0.0,0.0,0.0,0.0,0.0,2.0,0.77055,0.0,0.0,0.0,0.0,0.0,0.0,0.0,0.0,0.0,0.0,0.0,0.0,0.0
2022-02-11T06:00:00-00:00,0.15,2.5,0.0,0.0,3.79532,3.79532,0.0,0.0,0.0,0.0,0.0,2.5,0.0,0.0,0.0,0.0,0.0,0.0,0.0,0.0,0.0,0.0,0.0,0.0,0.0,0.0
2022-02-11T07:00:00-00:00,0.15,5.13514,0.0,0.0,3.0,3.0,0.0,0.0,0.0,0.0,0.0,0.0,0.74,0.0,0.0,0.0,0.0,0.0,0.0,0.0,0.0,0.0,0.0,0.0,0.0,0.0
2022-02-11T08:00:00-00:00,0.15,2.82,0.0,0.0,2.91,2.91,0.0,0.0,0.0,0.0,0.0,3.17,0.83,0.0,0.0,0.0,0.0,0.0,0.0,0.0,0.0,0.0,0.0,0.0,0.0,0.0
2022-02-11T09:00:00-00:00,0.15,2.85,0.0,0.0,2.0,1.99,0.0,0.0,0.0,0.0,0.0,3.14,1.74,0.0,0.0,0.0,0.0,0.0,0.0,0.0,0.0,0.0,0.0,0.0,0.0,0.0
2022-02-11T10:00:00-00:00,0.15,3.0,0.0,0.0,2.0,1.5,0.0,0.0,0.0,0.0,0.0,2.99,1.74,0.0,0.0,0.0,0.0,0.0,0.0,0.0,0.0,0.0,0.0,0.0,0.0,0.0
2022-02-11T11:00:00-00:00,0.15,3.0,0.0,0.0,2.0214,2.0214,0.0,0.0,0.0,0.0,0.0,2.99,1.7186,0.0,0.0,0.0,0.0,0.0,0.0,0.0,0.0,0.0,0.0,0.0,0.0,0.0
2022-02-11T12:00:00-00:00,0.15,3.0,0.0,0.0,3.0,3.0,0.0,0.0,0.0,0.0,0.0,2.37123,0.74,0.0,0.0,0.0,0.0,0.0,0.0,0.0,0.0,0.0,0.0,0.0,0.0,0.0
2022-02-11T13:00:00-00:00,0.15,3.06,0.0,0.0,3.74,3.74,0.0,0.0,0.0,0.0,0.0,1.94,0.0,0.0,0.0,0.0,0.0,0.0,0.0,0.0,0.0,0.0,0.0,0.0,0.0,0.0
2022-02-11T14:00:00-00:00,0.15,2.5,0.0,0.0,17.14462,17.14462,0.0,0.0,0.0,0.0,0.0,3.49,0.0,0.0,0.0,0.0,0.0,0.0,0.0,0.0,0.0,0.0,0.0,0.0,0.0,0.0
2022-02-11T15:00:00-00:00,0.15,3.0,0.0,0.0,6.0,6.0,0.0,0.0,0.0,0.0,0.0,2.04341,0.0,0.0,0.0,0.0,0.0,0.0,0.0,0.0,0.0,0.0,0.0,0.0,0.0,0.0
2022-02-11T16:00:00-00:00,0.12,4.12,0.0,0.0,3.94,2.95673,0.0,0.0,0.0,0.0,0.0,5.70349,0.0,0.0,0.0,0.0,0.0,0.0,0.03,0.0,0.06,0.03,0.0,0.0,0.0,0.0
2022-02-11T17:00:00-00:00,0.15,9.84,0.0,0.0,3.50227,1.5,0.0,0.0,0.0,0.0,0.0,14.53229,0.43773,0.0,0.0,0.0,0.0,0.0,0.0,0.0,0.0,0.0,0.0,0.0,0.0,0.0
2022-02-11T18:00:00-00:00,0.15,8.3494,0.0,0.0,3.01,1.0,0.0,0.0,0.0,0.0,0.0,18.11309,0.93,0.0,0.0,0.0,0.0,0.0,0.0,0.0,0.0,0.0,0.0,0.0,0.0,0.0
2022-02-11T19:00:00-00:00,0.12,8.0,0.0,0.0,3.01,1.08,0.0,0.0,0.0,0.0,0.0,16.30564,0.99,0.0,0.0,0.0,0.0,0.0,0.0,0.0,0.0,0.0,0.0,0.0,0.0,0.0
2022-02-11T20:00:00-00:00,0.12,8.0,0.0,0.0,2.93,1.0,0.0,0.0,0.0,0.0,0.0,18.2797,1.01,0.0,0.0,0.0,0.0,0.0,0.0,0.0,0.0,0.0,0.0,0.0,0.0,0.0
2022-02-11T21:00:00-00:00,0.15,8.0,0.0,0.0,2.5,1.0,0.0,0.0,0.0,0.0,0.0,13.52977,1.44,0.0,0.0,0.0,0.0,0.0,0.0,0.0,0.0,0.0,0.0,0.0,0.0,0.0
2022-02-11T22:00:00-00:00,0.12,12.69962,0.0,0.0,3.94,1.5,0.0,0.0,0.0,0.0,0.0,6.57686,0.06,0.0,0.0,0.0,0.0,0.0,0.0,0.0,0.0,0.0,0.0,0.0,0.0,0.0
2022-02-11T23:00:00-00:00,0.12,4.29,0.0,0.0,3.5,1.57,0.0,0.0,0.0,0.0,0.0,1.7,0.44,0.0,0.0,0.0,0.0,0.0,0.0,0.0,0.0,0.0,0.0,0.0,0.0,0.0
2022-02-12T00:00:00-00:00,0.15,6.0,0.0,0.0,9.16846,9.16846,0.0,0.0,0.0,0.0,0.0,0.0,0.0,0.0,0.0,0.0,0.0,0.0,0.0,0.0,0.0,0.0,0.0,0.0,0.0,0.0
2022-02-12T01:00:00-00:00,0.25,4.32,0.0,0.0,20.47246,20.47246,0.0,0.0,0.0,0.0,0.0,1.67,0.0,0.0,0.0,0.0,0.0,0.0,0.0,0.0,0.0,0.0,0.0,0.0,0.0,0.0
2022-02-12T02:00:00-00:00,0.25,2.7878,0.0,0.0,20.21605,20.21605,0.0,0.0,0.0,0.0,0.0,2.2522,5.45711,5.45711,0.0,0.0,0.0,0.0,0.0,0.0,0.0,0.0,0.0,0.0,0.0,0.0
2022-02-12T03:00:00-00:00,0.2,3.0,0.0,0.0,9.0,9.0,0.0,0.0,0.0,0.0,0.0,2.04,5.69049,5.69049,0.0,0.0,0.0,0.0,0.0,0.0,0.0,0.0,0.0,0.0,0.0,0.0
2022-02-12T04:00:00-00:00,0.15,2.5,0.0,0.0,6.04,6.04,0.0,0.0,0.0,0.0,0.0,3.49,0.0,0.0,0.0,0.0,0.0,0.0,0.0,0.0,0.0,0.0,0.0,0.0,0.0,0.0
2022-02-12T05:00:00-00:00,0.15,3.0,0.0,0.0,4.54,4.54,0.0,0.0,0.0,0.0,0.0,2.0,0.0,0.0,0.0,0.0,0.0,0.0,0.0,0.0,0.0,0.0,0.0,0.0,0.0,0.0
2022-02-12T06:00:00-00:00,0.15,2.5,0.0,0.0,3.74,2.91,0.0,0.0,0.0,0.0,0.0,2.5,0.0,0.0,0.0,0.0,0.0,0.0,0.0,0.0,0.0,0.0,0.0,0.0,0.0,0.0
2022-02-12T07:00:00-00:00,0.15,2.85,0.0,0.0,3.84,3.84,0.0,0.0,0.0,0.0,0.0,2.15,0.0,0.0,0.0,0.0,0.0,0.0,0.0,0.0,0.0,0.0,0.0,0.0,0.0,0.0
2022-02-12T08:00:00-00:00,0.15,3.0,0.0,0.0,2.81195,2.81195,0.0,0.0,0.0,0.0,0.0,2.99,0.92805,0.0,0.0,0.0,0.0,0.0,0.0,0.0,0.0,0.0,0.0,0.0,0.0,0.0
2022-02-12T09:00:00-00:00,0.15,3.0,0.0,0.0,2.5,2.5,0.0,0.0,0.0,0.0,0.0,3.32861,1.24,0.0,0.0,0.0,0.0,0.0,0.0,0.0,0.0,0.0,0.0,0.0,0.0,0.0
2022-02-12T10:00:00-00:00,0.15,3.0,0.0,0.0,2.60452,2.60452,0.0,0.0,0.0,0.0,0.0,3.20097,1.13548,0.0,0.0,0.0,0.0,0.0,0.0,0.0,0.0,0.0,0.0,0.0,0.0,0.0
2022-02-12T11:00:00-00:00,0.15,4.0,0.0,0.0,3.0,3.0,0.0,0.0,0.0,0.0,0.0,3.43786,0.74,0.0,0.0,0.0,0.0,0.0,0.0,0.0,0.0,0.0,0.0,0.0,0.0,0.0
2022-02-12T12:00:00-00:00,0.15,3.0,0.0,0.0,3.0,3.0,0.0,0.0,0.0,0.0,0.0,2.45613,0.74,0.0,0.0,0.0,0.0,0.0,0.0,0.0,0.0,0.0,0.0,0.0,0.0,0.0
2022-02-12T13:00:00-00:00,0.15,3.0,0.0,0.0,4.0,4.0,0.0,0.0,0.0,0.0,0.0,2.0,0.0,0.0,0.0,0.0,0.0,0.0,0.0,0.0,0.0,0.0,0.0,0.0,0.0,0.0
2022-02-12T14:00:00-00:00,0.15,3.0,0.0,0.0,7.49818,7.49818,0.0,0.0,0.0,0.0,0.0,2.99,2.17699,2.17699,0.0,0.0,0.0,0.0,0.0,0.0,0.0,0.0,0.0,0.0,0.0,0.0
2022-02-12T15:00:00-00:00,0.15,7.825,0.0,0.0,6.0,6.0,0.0,0.0,0.0,0.0,0.0,0.0,0.0,0.0,0.0,0.0,0.0,0.0,0.0,0.0,0.0,0.0,0.0,0.0,0.0,0.0
2022-02-12T16:00:00-00:00,0.15,4.12,0.0,0.0,4.04,3.16,0.0,0.0,0.0,0.0,0.0,11.70252,0.0,0.0,0.0,0.0,0.0,0.0,0.0,0.0,0.0,0.0,0.0,0.0,0.0,0.0
2022-02-12T17:00:00-00:00,0.15,8.0,0.0,0.0,3.0,1.0,0.0,0.0,0.0,0.0,0.0,14.87124,1.0,0.0,0.0,0.0,0.0,0.0,0.0,0.0,0.0,0.0,0.0,0.0,0.0,0.0
2022-02-12T18:00:00-00:00,0.15,8.00606,0.0,0.0,3.0,1.5,0.0,0.0,0.0,0.0,0.0,21.27393,1.04,0.0,0.0,0.0,0.0,0.0,0.0,0.0,0.0,0.0,0.0,0.0,0.0,0.0
2022-02-12T19:00:00-00:00,0.15,12.0,0.0,0.0,3.0,0.15,0.0,0.0,0.0,0.0,0.0,19.32036,1.0,0.85,0.0,0.0,0.0,0.0,0.0,0.0,0.0,0.0,0.0,0.0,0.0,0.0
2022-02-12T20:00:00-00:00,0.15,8.19295,0.0,0.0,3.0,1.07,0.0,0.0,0.0,0.0,0.0,27.07371,1.04,0.0,0.0,0.0,0.0,0.0,0.0,0.0,0.0,0.0,0.0,0.0,0.0,0.0
2022-02-12T21:00:00-00:00,0.15,8.0,0.0,0.0,2.5,0.57,0.0,0.0,0.0,0.0,0.0,27.63808,1.54,0.43,0.0,0.0,0.0,0.0,0.0,0.0,0.0,0.0,0.0,0.0,0.0,0.0
2022-02-12T22:00:00-00:00,0.15,17.0,0.0,0.0,3.0,1.07,0.0,0.0,0.0,0.0,0.0,11.12584,1.04,0.0,0.0,0.0,0.0,0.0,0.0,0.0,0.0,0.0,0.0,0.0,0.0,0.0
2022-02-12T23:00:00-00:00,0.12,8.34487,0.0,0.0,3.0,1.5,0.0,0.0,0.0,0.0,0.0,7.89107,1.04,0.0,0.0,0.0,0.0,0.0,0.0,0.0,0.0,0.0,0.0,0.0,0.0,0.0
2022-02-13T00:00:00-00:00,0.15,3.77,0.0,0.0,5.19,5.19,0.0,0.0,0.0,0.0,0.0,2.22,1.15,1.15,0.0,0.0,0.0,0.0,0.0,0.0,0.0,0.0,0.0,0.0,0.0,0.0
2022-02-13T01:00:00-00:00,0.15,13.9,0.0,0.0,14.34599,14.34599,0.0,0.0,0.0,0.0,0.0,0.0,8.69401,8.69401,0.0,0.0,0.0,0.0,0.0,0.0,0.0,0.0,0.0,0.0,0.0,0.0
2022-02-13T02:00:00-00:00,0.15,4.43,0.0,0.0,12.0,12.0,0.0,0.0,0.0,0.0,0.0,0.71,11.28806,11.28806,0.0,0.0,0.0,0.0,0.0,0.0,0.0,0.0,0.0,0.0,0.0,0.0
2022-02-13T03:00:00-00:00,0.15,2.5,0.0,0.0,10.4318,10.4318,0.0,0.0,0.0,0.0,0.0,2.54,5.16122,5.16122,0.0,0.0,0.0,0.0,0.0,0.0,0.0,0.0,0.0,0.0,0.0,0.0
2022-02-13T04:00:00-00:00,0.15,2.5,0.0,0.0,5.11155,5.11155,0.0,0.0,0.0,0.0,0.0,3.49,1.12845,1.12845,0.0,0.0,0.0,0.0,0.0,0.0,0.0,0.0,0.0,0.0,0.0,0.0
2022-02-13T05:00:00-00:00,0.15,3.09473,0.0,0.0,4.03,4.03,0.0,0.0,0.0,0.0,0.0,1.90527,0.41,0.41,0.0,0.0,0.0,0.0,0.0,0.0,0.0,0.0,0.0,0.0,0.0,0.0
2022-02-13T06:00:00-00:00,0.15,3.0,0.0,0.0,2.0,2.0,0.0,0.0,0.0,0.0,0.0,2.99,1.74,1.74,0.0,0.0,0.0,0.0,0.0,0.0,0.0,0.0,0.0,0.0,0.0,0.0
2022-02-13T07:00:00-00:00,0.15,4.07,0.0,0.0,5.0,5.0,0.0,0.0,0.0,0.0,0.0,0.93,0.0,0.0,0.0,0.0,0.0,0.0,0.0,0.0,0.0,0.0,0.0,0.0,0.0,0.0
2022-02-13T08:00:00-00:00,0.15,3.0,0.0,0.0,3.0,3.0,0.0,0.0,0.0,0.0,0.0,2.99,0.74,0.0,0.0,0.0,0.0,0.0,0.0,0.0,0.0,0.0,0.0,0.0,0.0,0.0
2022-02-13T09:00:00-00:00,0.15,2.5,0.0,0.0,3.0,3.0,0.0,0.0,0.0,0.0,0.0,3.49,0.74,0.0,0.0,0.0,0.0,0.0,0.0,0.0,0.0,0.0,0.0,0.0,0.0,0.0
2022-02-13T10:00:00-00:00,0.15,2.5,0.0,0.0,2.17903,2.17903,0.0,0.0,0.0,0.0,0.0,3.49,1.56097,0.0,0.0,0.0,0.0,0.0,0.0,0.0,0.0,0.0,0.0,0.0,0.0,0.0
2022-02-13T11:00:00-00:00,0.15,2.5,0.0,0.0,2.91,2.91,0.0,0.0,0.0,0.0,0.0,3.61931,0.83,0.0,0.0,0.0,0.0,0.0,0.0,0.0,0.0,0.0,0.0,0.0,0.0,0.0
2022-02-13T12:00:00-00:00,0.15,2.5,0.0,0.0,3.0,3.0,0.0,0.0,0.0,0.0,0.0,2.66876,0.74,0.0,0.0,0.0,0.0,0.0,0.0,0.0,0.0,0.0,0.0,0.0,0.0,0.0
2022-02-13T13:00:00-00:00,0.15,2.5,0.0,0.0,3.74,3.74,0.0,0.0,0.0,0.0,0.0,3.49,0.0,0.0,0.0,0.0,0.0,0.0,0.0,0.0,0.0,0.0,0.0,0.0,0.0,0.0
2022-02-13T14:00:00-00:00,0.15,2.5,0.0,0.0,6.0,6.0,0.0,0.0,0.0,0.0,0.0,10.32632,5.44,5.44,0.0,0.0,0.0,0.0,0.0,0.0,0.0,0.0,0.0,0.0,0.0,0.0
2022-02-13T15:00:00-00:00,0.15,2.1,0.0,0.0,5.04,5.04,0.0,0.0,0.0,0.0,0.0,7.78291,0.0,0.0,0.0,0.0,0.0,0.0,0.0,0.0,0.0,0.0,0.0,0.0,0.0,0.0
2022-02-13T16:00:00-00:00,0.15,4.29,0.0,0.0,3.01,1.5,0.0,0.0,0.0,0.0,0.0,18.23589,0.99,0.0,0.0,0.0,0.0,0.0,0.0,0.0,0.0,0.0,0.0,0.0,0.0,0.0
2022-02-13T17:00:00-00:00,0.15,8.86968,0.0,0.0,2.5,1.0,0.0,0.0,0.0,0.0,0.0,32.90196,1.54,0.0,0.0,0.0,0.0,0.0,0.0,0.0,0.0,0.0,0.0,0.0,0.0,0.0
2022-02-13T18:00:00-00:00,0.15,9.00511,0.0,0.0,2.5,0.15,0.0,0.0,0.0,0.0,0.0,35.67527,1.54,0.85,0.0,0.0,0.0,0.0,0.0,0.0,0.0,0.0,0.0,0.0,0.0,0.0
2022-02-13T19:00:00-00:00,0.15,8.9972,0.0,0.0,2.5,0.15,0.0,0.0,0.0,0.0,0.0,38.85167,1.54,0.85,0.0,0.0,0.0,0.0,0.0,0.0,0.0,0.0,0.0,0.0,0.0,0.0
2022-02-13T20:00:00-00:00,0.15,8.0,0.0,0.0,2.5,1.0,0.0,0.0,0.0,0.0,0.0,41.86821,1.54,0.0,0.0,0.0,0.0,0.0,0.0,0.0,0.0,0.0,0.0,0.0,0.0,0.0
2022-02-13T21:00:00-00:00,0.15,6.24814,0.0,0.0,2.52,1.0,0.0,0.0,0.0,0.0,0.0,38.67448,1.52,0.0,0.0,0.0,0.0,0.0,0.0,0.0,0.0,0.0,0.0,0.0,0.0,0.0
2022-02-13T22:00:00-00:00,0.15,14.19684,0.0,0.0,3.08,1.0,0.0,0.0,0.0,0.0,0.0,27.20512,0.96,0.0,0.0,0.0,0.0,0.0,0.0,0.0,0.0,0.0,0.0,0.0,0.0,0.0
2022-02-13T23:00:00-00:00,0.15,19.9387,0.0,0.0,3.98,1.0,0.0,0.0,0.0,0.0,0.0,1.54235,0.06,0.0,0.0,0.0,0.0,0.0,0.0,0.0,0.0,0.0,0.0,0.0,0.0,0.0
2022-02-14T00:00:00-00:00,0.15,2.11,0.0,0.0,5.20379,5.20379,0.0,0.0,0.0,0.0,0.0,3.88,0.04621,0.0,0.0,0.0,0.0,0.0,0.0,0.0,0.0,0.0,0.0,0.0,0.0,0.0
2022-02-14T01:00:00-00:00,0.15,4.11,0.0,0.0,12.0,12.0,0.0,0.0,0.0,0.0,0.0,8.51162,10.63056,10.63056,0.0,0.0,0.0,0.0,0.0,0.0,0.0,0.0,0.0,0.0,0.0,0.0
2022-02-14T02:00:00-00:00,0.15,2.5,0.0,0.0,12.45929,12.45929,0.0,0.0,0.0,0.0,0.0,2.54,4.82044,4.82044,0.0,0.0,0.0,0.0,0.0,0.0,0.0,0.0,0.0,0.0,0.0,0.0
2022-02-14T03:00:00-00:00,0.15,2.5,0.0,0.0,9.0,9.0,0.0,0.0,0.0,0.0,0.0,2.54,4.57056,4.57056,0.0,0.0,0.0,0.0,0.0,0.0,0.0,0.0,0.0,0.0,0.0,0.0
2022-02-14T04:00:00-00:00,0.15,2.27775,0.0,0.0,4.76089,4.76089,0.0,0.0,0.0,0.0,0.0,3.71225,1.27911,1.27911,0.0,0.0,0.0,0.0,0.0,0.0,0.0,0.0,0.0,0.0,0.0,0.0
2022-02-14T05:00:00-00:00,0.15,4.11,0.0,0.0,3.40899,3.40899,0.0,0.0,0.0,0.0,0.0,0.89,1.03101,0.0,0.0,0.0,0.0,0.0,0.0,0.0,0.0,0.0,0.0,0.0,0.0,0.0
2022-02-14T06:00:00-00:00,0.15,2.5,0.0,0.0,2.78714,2.77,0.0,0.0,0.0,0.0,0.0,3.49,0.95286,0.0,0.0,0.0,0.0,0.0,0.0,0.0,0.0,0.0,0.0,0.0,0.0,0.0
2022-02-14T07:00:00-00:00,0.15,5.99,0.0,0.0,3.61585,3.61585,0.0,0.0,0.0,0.0,0.0,0.0,0.12415,0.0,0.0,0.0,0.0,0.0,0.0,0.0,0.0,0.0,0.0,0.0,0.0,0.0
2022-02-14T08:00:00-00:00,0.15,2.63631,0.0,0.0,3.0,2.0,0.0,0.0,0.0,0.0,0.0,2.36369,0.74,0.0,0.0,0.0,0.0,0.0,0.0,0.0,0.0,0.0,0.0,0.0,0.0,0.0
2022-02-14T09:00:00-00:00,0.15,1.8647,0.0053,0.0,2.0,1.0,0.0,0.0,0.0,0.0,0.0,3.13,0.92,0.0,0.0,0.0,0.0,0.0,0.0,0.0,0.0,0.0,0.0,0.0,0.0,0.0
2022-02-14T10:00:00-00:00,0.12,1.86398,0.00602,0.0,1.53,1.0,0.0,0.0,0.0,0.0,0.0,3.43,1.39,0.0,0.0,0.0,0.0,0.0,0.0,0.0,0.0,0.0,0.0,0.0,0.0,0.0
2022-02-14T11:00:00-00:00,0.12,1.86644,0.00356,0.0,1.53,1.0,0.0,0.0,0.0,0.0,0.0,3.43,1.39,0.0,0.0,0.0,0.0,0.0,0.0,0.0,0.0,0.0,0.0,0.0,0.0,0.0
2022-02-14T12:00:00-00:00,0.15,2.0,0.0,0.0,2.5,1.0,0.0,0.0,0.0,0.0,0.0,3.0,1.24,0.0,0.0,0.0,0.0,0.0,0.0,0.0,0.0,0.0,0.0,0.0,0.0,0.0
2022-02-14T13:00:00-00:00,0.15,3.0,0.0,0.0,3.7,3.7,0.0,0.0,0.0,0.0,0.0,2.99,0.04,0.0,0.0,0.0,0.0,0.0,0.0,0.0,0.0,0.0,0.0,0.0,0.0,0.0
2022-02-14T14:00:00-00:00,0.15,3.34376,0.0,0.0,11.52862,11.52862,0.0,0.0,0.0,0.0,0.0,2.64624,0.0,0.0,0.0,0.0,0.0,0.0,0.0,0.0,0.0,0.0,0.0,0.0,0.0,0.0
2022-02-14T15:00:00-00:00,0.15,3.0,0.0,0.0,6.95567,3.32567,0.0,0.0,0.0,0.0,0.0,2.14,0.0,0.0,0.0,0.0,0.0,0.0,0.0,0.0,0.0,0.0,0.0,0.0,0.0,0.0
2022-02-14T16:00:00-00:00,0.12,9.46,0.0,0.0,5.25,1.5,0.0,0.0,0.0,0.0,0.0,0.0,0.0,0.0,0.0,0.0,0.0,0.0,0.0,0.0,0.0,0.0,0.0,0.0,0.0,0.0
2022-02-14T17:00:00-00:00,0.12,8.0,0.0,0.0,3.17922,1.0,0.0,0.0,0.0,0.0,0.0,18.80669,0.86078,0.0,0.0,0.0,0.0,0.0,0.0,0.0,0.0,0.0,0.0,0.0,0.0,0.0
2022-02-14T18:00:00-00:00,0.12,8.54017,0.0,0.0,3.16,1.0,0.0,0.0,0.0,0.0,0.0,26.59868,0.88,0.0,0.0,0.0,0.0,0.0,0.0,0.0,0.0,0.0,0.0,0.0,0.0,0.0
2022-02-14T19:00:00-00:00,0.12,8.0,0.0,0.0,3.16,1.0,0.0,0.0,0.0,0.0,0.0,30.37421,0.88,0.0,0.0,0.0,0.0,0.0,0.0,0.0,0.0,0.0,0.0,0.0,0.0,0.0
2022-02-14T20:00:00-00:00,0.12,8.0,0.0,0.0,3.0,0.84,0.0,0.0,0.0,0.0,0.0,32.36045,1.04,0.16,0.0,0.0,0.0,0.0,0.0,0.0,0.0,0.0,0.0,0.0,0.0,0.0
2022-02-14T21:00:00-00:00,0.12,8.0,0.0,0.0,4.04,1.5,0.0,0.0,0.0,0.0,0.0,52.04,0.0,0.0,0.0,0.0,0.0,0.0,0.0,0.0,0.0,0.0,0.0,0.0,0.0,0.0
2022-02-14T22:00:00-00:00,0.12,10.01,0.0,0.0,4.14,1.0,0.0,0.0,0.0,0.0,0.0,30.4796,0.0,0.0,0.0,0.0,0.0,0.0,0.0,0.0,0.0,0.0,0.0,0.0,0.0,0.0
2022-02-14T23:00:00-00:00,0.12,8.0,0.0,0.0,3.16,1.0,0.0,0.0,0.0,0.0,0.0,22.52848,0.98,0.0,0.0,0.0,0.0,0.0,0.0,0.0,0.0,0.0,0.0,0.0,0.0,0.0
2022-02-15T00:00:00-00:00,0.15,6.27282,0.0,0.0,6.44,5.48,0.0,0.0,0.0,0.0,0.0,1.72718,0.0,0.0,0.0,0.0,0.0,0.0,0.0,0.0,0.0,0.0,0.0,0.0,0.0,0.0
2022-02-15T01:00:00-00:00,0.15,4.05,0.0,0.0,12.0,12.0,0.0,0.0,0.0,0.0,0.0,1.94,1.20976,1.20976,0.0,0.0,0.0,0.0,0.0,0.0,0.0,0.0,0.0,0.0,0.0,0.0
2022-02-15T02:00:00-00:00,0.15,3.87152,0.0,0.0,14.49794,14.49794,0.0,0.0,0.0,0.0,0.0,1.26848,4.10155,4.10155,0.0,0.0,0.0,0.0,0.0,0.0,0.0,0.0,0.0,0.0,0.0,0.0
2022-02-15T03:00:00-00:00,0.15,3.29269,0.0,0.0,9.0,9.0,0.0,0.0,0.0,0.0,0.0,12.83731,0.0,0.0,0.0,0.0,0.0,0.0,0.0,0.0,0.0,0.0,0.0,0.0,0.0,0.0
2022-02-15T04:00:00-00:00,0.15,2.5,0.0,0.0,3.71098,3.71098,0.0,0.0,0.0,0.0,0.0,7.5,2.32902,1.28902,0.0,0.0,0.0,0.0,0.0,0.0,0.0,0.0,0.0,0.0,0.0,0.0
2022-02-15T05:00:00-00:00,0.15,3.0,0.0,0.0,2.0,2.0,0.0,0.0,0.0,0.0,0.0,2.99,2.44,0.0,0.0,0.0,0.0,0.0,0.0,0.0,0.0,0.0,0.0,0.0,0.0,0.0
2022-02-15T06:00:00-00:00,0.15,2.0,0.0,0.0,2.71236,2.71236,0.0,0.0,0.0,0.0,0.0,3.0,1.02764,0.0,0.0,0.0,0.0,0.0,0.0,0.0,0.0,0.0,0.0,0.0,0.0,0.0
2022-02-15T07:00:00-00:00,0.12,3.49,0.0,0.0,2.5,1.0,0.0,0.0,0.0,0.0,0.0,2.16013,1.24,0.0,0.0,0.0,0.0,0.0,0.0,0.0,0.0,0.0,0.0,0.0,0.0,0.0
2022-02-15T08:00:00-00:00,0.12,2.5,0.0,0.0,2.5,1.5,0.0,0.0,0.0,0.0,0.0,24.1,1.24,0.0,0.0,0.0,0.0,0.0,0.0,0.0,0.0,0.0,0.0,0.0,0.0,0.0
2022-02-15T09:00:00-00:00,0.12,2.0,0.0,0.0,2.0,1.0,0.0,0.0,0.0,0.0,0.0,25.06552,1.74,0.0,0.0,0.0,0.0,0.0,0.0,0.0,0.0,0.0,0.0,0.0,0.0,0.0
2022-02-15T10:00:00-00:00,0.12,2.01,0.0,0.0,2.0,1.42,0.0,0.0,0.0,0.0,0.0,27.35126,1.74,0.0,0.0,0.0,0.0,0.0,0.0,0.0,0.0,0.0,0.0,0.0,0.0,0.0
2022-02-15T11:00:00-00:00,0.12,2.0,0.0,0.0,2.0,1.42,0.0,0.0,0.0,0.0,0.0,25.54423,1.74,0.0,0.0,0.0,0.0,0.0,0.0,0.0,0.0,0.0,0.0,0.0,0.0,0.0
2022-02-15T12:00:00-00:00,0.12,2.0,0.0,0.0,1.97,1.0,0.0,0.0,0.0,0.0,0.0,3.0,1.77,0.0,0.0,0.0,0.0,0.0,0.03,0.0,0.03,0.03,0.0,0.0,0.0,0.0
2022-02-15T13:00:00-00:00,0.15,2.0,0.0,0.0,3.61831,3.61831,0.0,0.0,0.0,0.0,0.0,4.0,0.12169,0.0,0.0,0.0,0.0,0.0,0.0,0.0,0.0,0.0,0.0,0.0,0.0,0.0
2022-02-15T14:00:00-00:00,0.15,3.0,0.0,0.0,7.70599,6.80196,0.0,0.0,0.0,0.0,0.0,2.34,3.22244,0.0,0.0,0.0,0.0,0.0,0.0,0.0,0.0,0.0,0.0,0.0,0.0,0.0
2022-02-15T15:00:00-00:00,0.15,2.97,0.0,0.0,6.24,4.72575,0.0,0.0,0.0,0.0,0.0,44.11,0.0,0.0,0.0,0.0,0.0,0.0,0.0,0.0,0.0,0.0,0.0,0.0,0.0,0.0
2022-02-15T16:00:00-00:00,0.12,6.15,0.0,0.0,2.75915,1.03915,0.0,0.0,0.0,0.0,0.0,54.97619,2.28085,0.0,0.0,0.0,0.0,0.0,0.0,0.0,0.0,0.0,0.0,0.0,0.0,0.0
2022-02-15T17:00:00-00:00,0.12,6.15296,0.0,0.0,3.03,1.0,0.0,0.0,0.0,0.0,0.0,67.35748,1.01,0.0,0.0,0.0,0.0,0.0,0.0,0.0,0.0,0.0,0.0,0.0,0.0,0.0
2022-02-15T18:00:00-00:00,0.12,8.0,0.0,0.0,4.24,1.0,0.0,0.0,0.0,0.0,0.0,66.84241,0.0,0.0,0.0,0.0,0.0,0.0,0.0,0.0,0.0,0.0,0.0,0.0,0.0,0.0
2022-02-15T19:00:00-00:00,0.12,8.0,0.0,0.0,4.24,1.0,0.0,0.0,0.0,0.0,0.0,87.28159,0.0,0.0,0.0,0.0,0.0,0.0,0.0,0.0,0.0,0.0,0.0,0.0,0.0,0.0
2022-02-15T20:00:00-00:00,0.12,6.28839,0.0,0.0,4.24,1.0,0.0,0.0,0.0,0.0,0.0,74.07842,0.0,0.0,0.0,0.0,0.0,0.0,0.0,0.0,0.0,0.0,0.0,0.0,0.0,0.0
2022-02-15T21:00:00-00:00,0.12,8.0,0.0,0.0,4.26495,1.0,0.0,0.0,0.0,0.0,0.0,73.73504,0.0,0.0,0.0,0.0,0.0,0.0,0.0,0.0,0.0,0.0,0.0,0.0,0.0,0.0
2022-02-15T22:00:00-00:00,0.12,11.57512,0.0,0.0,4.24,1.0,0.0,0.0,0.0,0.0,0.0,150.68454,0.0,0.0,0.0,0.0,0.0,0.0,0.0,0.0,0.0,0.0,0.0,0.0,0.0,0.0
2022-02-15T23:00:00-00:00,0.12,20.77919,0.0,0.0,4.24,1.0,0.0,0.0,0.0,0.0,0.0,52.89945,0.0,0.0,0.0,0.0,0.0,0.0,0.0,0.0,0.0,0.0,0.0,0.0,0.0,0.0
2022-02-16T00:00:00-00:00,0.15,8.89516,0.0,0.0,4.34,4.34,0.0,0.0,0.0,0.0,0.0,56.14484,1.7,0.0,0.0,0.0,0.0,0.0,0.0,0.0,0.0,0.0,0.0,0.0,0.0,0.0
2022-02-16T01:00:00-00:00,0.15,3.0,0.0,0.0,8.54196,8.54196,0.0,0.0,0.0,0.0,0.0,6.49335,3.49804,3.49804,0.0,0.0,0.0,0.0,0.0,0.0,0.0,0.0,0.0,0.0,0.0,0.0
2022-02-16T02:00:00-00:00,0.15,3.84,0.0,0.0,12.0,12.0,0.0,0.0,0.0,0.0,0.0,1.4,2.24358,0.24358,0.0,0.0,0.0,0.0,0.0,0.0,0.0,0.0,0.0,0.0,0.0,0.0
2022-02-16T03:00:00-00:00,0.15,2.60483,0.0,0.0,8.83979,8.83979,0.0,0.0,0.0,0.0,0.0,27.43517,0.0,0.0,0.0,0.0,0.0,0.0,0.0,0.0,0.0,0.0,0.0,0.0,0.0,0.0
2022-02-16T04:00:00-00:00,0.15,3.84,0.0,0.0,6.0069,5.0,0.0,0.0,0.0,0.0,0.0,1.16,0.0331,0.0,0.0,0.0,0.0,0.0,0.0,0.0,0.0,0.0,0.0,0.0,0.0,0.0
2022-02-16T05:00:00-00:00,0.15,1.77,0.01,0.0,3.16813,3.16813,0.0,0.0,0.0,0.0,0.0,3.22,0.87187,0.0,0.0,0.0,0.0,0.0,0.0,0.0,0.0,0.0,0.0,1.02897,0.0,0.0
2022-02-16T06:00:00-00:00,0.12,2.0,0.0,0.0,3.6062,1.0,0.0,0.0,0.0,0.0,0.0,3.0,0.1338,0.0,0.0,0.0,0.0,0.0,0.03,0.0,0.03,0.03,0.0,0.0,0.0,0.0
2022-02-16T07:00:00-00:00,0.12,3.59,0.0,0.0,2.84,1.0,0.0,0.0,0.0,0.0,0.0,6.20155,0.9,0.0,0.0,0.0,0.0,0.0,0.0,0.0,0.0,0.0,0.0,0.0,0.0,0.0
2022-02-16T08:00:00-00:00,0.15,2.5185,0.0,0.0,2.0,1.66,0.0,0.0,0.0,0.0,0.0,22.62815,1.74,0.0,0.0,0.0,0.0,0.0,0.0,0.0,0.0,0.0,0.0,0.0,0.0,0.0
2022-02-16T09:00:00-00:00,0.15,2.48349,0.0,0.0,1.9455,1.6055,0.0,0.0,0.0,0.0,0.0,23.39215,1.7945,0.0,0.0,0.0,0.0,0.0,0.0,0.0,0.0,0.0,0.0,0.0,0.0,0.0
2022-02-16T10:00:00-00:00,0.15,2.5,0.0,0.0,1.40485,1.06485,0.0,0.0,0.0,0.0,0.0,23.54269,2.33515,0.0,0.0,0.0,0.0,0.0,0.0,0.0,0.0,0.0,0.0,0.0,0.0,0.0
2022-02-16T11:00:00-00:00,0.15,2.36,0.0,0.0,1.79,1.78,0.0,0.0,0.0,0.0,0.0,15.47396,1.95,0.0,0.0,0.0,0.0,0.0,0.0,0.0,0.0,0.0,0.0,0.0,0.0,0.0
2022-02-16T12:00:00-00:00,0.15,3.0,0.0,0.0,2.0,2.0,0.0,0.0,0.0,0.0,0.0,15.17453,1.74,0.0,0.0,0.0,0.0,0.0,0.0,0.0,0.0,0.0,0.0,0.0,0.0,0.0
2022-02-16T13:00:00-00:00,0.15,2.5,0.0,0.0,4.0,4.0,0.0,0.0,0.0,0.0,0.0,7.44656,0.0,0.0,0.0,0.0,0.0,0.0,0.0,0.0,0.0,0.0,0.0,0.0,0.0,0.0
2022-02-16T14:00:00-00:00,0.15,2.0,0.0,0.0,16.33778,16.17778,0.0,0.0,0.0,0.0,0.0,16.6021,8.61439,7.02439,0.0,0.0,0.0,0.0,0.0,0.0,0.0,0.0,0.0,0.0,0.0,0.0
2022-02-16T15:00:00-00:00,0.15,3.0,0.0,0.0,9.77936,6.28936,0.0,0.0,0.0,0.0,0.0,13.68342,0.6253,0.0,0.0,0.0,0.0,0.0,0.0,0.0,0.0,0.0,0.0,0.0,0.0,0.0
2022-02-16T16:00:00-00:00,0.12,4.29,0.0,0.0,6.23,6.0,0.0,0.0,0.0,0.0,0.0,24.9444,0.0,0.0,0.0,0.0,0.0,0.0,0.0,0.0,0.0,0.0,0.0,0.0,0.0,0.0
2022-02-16T17:00:00-00:00,0.12,7.0,0.0,0.0,3.0,2.91,0.0,0.0,0.0,0.0,0.0,34.73796,3.23,0.0,0.0,0.0,0.0,0.0,0.0,0.0,0.0,0.0,0.0,0.0,0.0,0.0
2022-02-16T18:00:00-00:00,0.15,8.96006,0.0,0.0,3.0,1.5,0.0,0.0,0.0,0.0,0.0,38.85791,1.0,0.0,0.0,0.0,0.0,0.0,0.0,0.0,0.0,0.0,0.0,0.0,0.0,0.0
2022-02-16T19:00:00-00:00,0.15,9.59828,0.0,0.0,2.77,1.5,0.0,0.0,0.0,0.0,0.0,90.20676,2.7409,0.0,0.0,0.0,0.0,0.0,0.0,0.0,0.0,0.0,0.0,0.0,0.0,0.0
2022-02-16T20:00:00-00:00,0.15,8.66713,0.0,0.0,2.9,1.63,0.0,0.0,0.0,0.0,0.0,92.82164,2.74373,0.0,0.0,0.0,0.0,0.0,0.0,0.0,0.0,0.0,0.0,0.0,0.0,0.0
2022-02-16T21:00:00-00:00,0.15,10.06686,0.0,0.0,2.5,1.23,0.0,0.0,0.0,0.0,0.0,89.50221,2.73501,0.0,0.0,0.0,0.0,0.0,0.0,0.0,0.0,0.0,0.0,0.0,0.0,0.0
2022-02-16T22:00:00-00:00,0.15,13.00848,0.0,0.0,3.47,2.2,0.0,0.0,0.0,0.0,0.0,62.40277,2.75616,0.0,0.0,0.0,0.0,0.0,0.0,0.0,0.0,0.0,0.0,0.0,0.0,0.0
2022-02-16T23:00:00-00:00,0.12,26.15892,0.0,0.0,4.33,2.20376,0.0,0.0,0.0,0.0,0.0,64.79298,1.9,0.0,0.0,0.0,0.0,0.0,0.0,0.0,0.0,0.0,0.0,0.0,0.0,0.0
2022-02-17T00:00:00-00:00,0.15,7.90777,0.0,0.0,5.0,5.0,0.0,0.0,0.0,0.0,0.0,17.85324,2.5,0.0,0.0,0.0,0.0,0.0,0.0,0.0,0.0,0.0,0.0,0.0,0.0,0.0
2022-02-17T01:00:00-00:00,0.15,2.91962,0.0,0.0,7.94638,7.94638,0.0,0.0,0.0,0.0,0.0,5.52038,4.09362,2.71506,0.0,0.0,0.0,0.0,0.0,0.0,0.0,0.0,0.0,0.0,0.0,0.0
2022-02-17T02:00:00-00:00,0.15,2.87743,0.01,0.0,11.11231,11.11231,0.0,0.0,0.0,0.0,0.0,2.32785,0.79186,0.79186,0.0,0.0,0.0,0.0,0.0,0.0,0.0,0.0,0.0,0.0,0.0,0.0
2022-02-17T03:00:00-00:00,0.15,2.514,0.0,0.0,9.0,9.0,0.0,0.0,0.0,0.0,0.0,3.486,0.0,0.0,0.0,0.0,0.0,0.0,0.0,0.0,0.0,0.0,0.0,0.0,0.0,0.0
2022-02-17T04:00:00-00:00,0.15,2.70998,0.0,0.0,7.08585,7.08585,0.0,0.0,0.0,0.0,0.0,7.62294,0.0,0.0,0.0,0.0,0.0,0.0,0.0,0.0,0.0,0.0,0.0,0.0,0.0,0.0
2022-02-17T05:00:00-00:00,0.15,3.0,0.0,0.0,4.31632,4.31632,0.0,0.0,0.0,0.0,0.0,2.8,0.0,0.0,0.0,0.0,0.0,0.0,0.0,0.0,0.0,0.0,0.0,0.0,0.0,0.0
2022-02-17T06:00:00-00:00,0.15,2.98,0.0,0.0,2.0,1.9,0.0,0.0,0.0,0.0,0.0,3.22,1.74,0.0,0.0,0.0,0.0,0.0,0.0,0.0,0.0,0.0,0.0,0.0,0.0,0.0
2022-02-17T07:00:00-00:00,0.15,3.0,0.0,0.0,3.74,2.91,0.0,0.0,0.0,0.0,0.0,15.28848,0.0,0.0,0.0,0.0,0.0,0.0,0.0,0.0,0.0,0.0,0.0,0.0,0.0,0.0
2022-02-17T08:00:00-00:00,0.15,3.0,0.0,0.0,2.0,1.0,0.0,0.0,0.0,0.0,0.0,14.86914,1.74,0.0,0.0,0.0,0.0,0.0,0.0,0.0,0.0,0.0,0.0,0.0,0.0,0.0
2022-02-17T09:00:00-00:00,0.15,2.9,0.0,0.0,2.0,1.0,0.0,0.0,0.0,0.0,0.0,15.02468,1.74,0.0,0.0,0.0,0.0,0.0,0.0,0.0,0.0,0.0,0.0,0.0,0.0,0.0
2022-02-17T10:00:00-00:00,0.15,2.66,0.0,0.0,1.66,1.5,0.0,0.0,0.0,0.0,0.0,17.00677,2.08,0.0,0.0,0.0,0.0,0.0,0.0,0.0,0.0,0.0,0.0,0.0,0.0,0.0
2022-02-17T11:00:00-00:00,0.15,2.66,0.0,0.0,2.0,1.84,0.0,0.0,0.0,0.0,0.0,11.14302,1.74,0.0,0.0,0.0,0.0,0.0,0.0,0.0,0.0,0.0,0.0,0.0,0.0,0.0
2022-02-17T12:00:00-00:00,0.15,4.54,0.0,0.0,2.5,2.5,0.0,0.0,0.0,0.0,0.0,1.16,1.24,0.0,0.0,0.0,0.0,0.0,0.0,0.0,0.0,0.0,0.0,0.0,0.0,0.0
2022-02-17T13:00:00-00:00,0.15,2.5,0.0,0.0,4.0,4.0,0.0,0.0,0.0,0.0,0.0,5.49,0.0,0.0,0.0,0.0,0.0,0.0,0.0,0.0,0.0,0.0,0.0,0.0,0.0,0.0
2022-02-17T14:00:00-00:00,0.15,2.5,0.0,0.0,20.84144,20.84144,0.0,0.0,0.0,0.0,0.0,12.54,0.0,0.0,0.0,0.0,0.0,0.0,0.0,0.0,0.0,0.0,0.0,0.0,0.0,0.0
2022-02-17T15:00:00-00:00,0.15,3.0,0.0,0.0,9.69797,6.53797,0.0,0.0,0.0,0.0,0.0,9.02595,0.24203,0.0,0.0,0.0,0.0,0.0,0.0,0.0,0.0,0.0,0.0,0.0,0.0,0.0
2022-02-17T16:00:00-00:00,0.15,4.29,0.0,0.0,3.01,1.0,0.0,0.0,0.0,0.0,0.0,25.52455,1.99,0.0,0.0,0.0,0.0,0.0,0.0,0.0,0.0,0.0,0.0,0.0,0.0,0.0
2022-02-17T17:00:00-00:00,0.15,6.51792,0.0,0.0,2.5,1.5,0.0,0.0,0.0,0.0,0.0,43.66154,1.73,0.0,0.0,0.0,0.0,0.0,0.0,0.0,0.0,0.0,0.0,0.0,0.0,0.0
2022-02-17T18:00:00-00:00,0.15,10.76,0.0,0.0,3.0,1.0,0.0,0.0,0.0,0.0,0.0,62.25007,1.0,0.0,0.0,0.0,0.0,0.0,0.0,0.0,0.0,0.0,0.0,0.0,0.0,0.0
2022-02-17T19:00:00-00:00,0.15,9.1042,0.0,0.0,3.61,0.38,0.0,0.0,0.0,0.0,0.0,66.25538,0.62,0.62,0.0,0.0,0.0,0.0,0.0,0.0,0.0,0.0,0.0,0.0,0.0,0.0
2022-02-17T20:00:00-00:00,0.15,8.51301,0.0,0.0,3.05,1.0,0.0,0.0,0.0,0.0,0.0,34.97753,1.18,0.0,0.0,0.0,0.0,0.0,0.0,0.0,0.0,0.0,0.0,0.0,0.0,0.0
2022-02-17T21:00:00-00:00,0.15,8.0,0.0,0.0,2.5,0.45,0.0,0.0,0.0,0.0,0.0,40.44,1.73,0.55,0.0,0.0,0.0,0.0,0.0,0.0,0.0,0.0,0.0,0.0,0.0,0.0
2022-02-17T22:00:00-00:00,0.15,16.91446,0.0,0.0,2.5,1.5,0.0,0.0,0.0,0.0,0.0,53.95112,2.74,0.0,0.0,0.0,0.0,0.0,0.0,0.0,0.0,0.0,0.0,0.0,0.0,0.0
2022-02-17T23:00:00-00:00,0.15,14.38617,0.0,0.0,3.0,1.5,0.0,0.0,0.0,0.0,0.0,48.37352,2.5109,0.0,0.0,0.0,0.0,0.0,0.0,0.0,0.0,0.0,0.0,0.0,0.0,0.0
2022-02-18T00:00:00-00:00,0.15,4.81,0.0,0.0,5.0,5.0,0.0,0.0,0.0,0.0,0.0,9.30046,2.14,0.0,0.0,0.0,0.0,0.0,0.0,0.0,0.0,0.0,0.0,0.0,0.0,0.0
2022-02-18T01:00:00-00:00,0.15,4.23,0.0,0.0,10.86988,10.86988,0.0,0.0,0.0,0.0,0.0,20.48715,1.62311,1.62311,0.0,0.0,0.0,0.0,0.0,0.0,0.0,0.0,0.0,0.0,0.0,0.0
2022-02-18T02:00:00-00:00,0.15,4.23,0.0,0.0,12.1,12.0,0.0,0.0,0.0,0.0,0.0,0.96,19.3198,19.3198,0.0,0.0,0.0,0.0,0.0,0.0,0.0,0.0,0.0,0.0,0.0,0.0
2022-02-18T03:00:00-00:00,0.15,2.53947,0.0,0.0,9.03343,9.03343,0.0,0.0,0.0,0.0,0.0,5.45053,3.61614,3.61614,0.0,0.0,0.0,0.0,0.0,0.0,0.0,0.0,0.0,0.0,0.0,0.0
2022-02-18T04:00:00-00:00,0.15,2.5,0.0,0.0,7.04,7.04,0.0,0.0,0.0,0.0,0.0,5.49,0.0,0.0,0.0,0.0,0.0,0.0,0.0,0.0,0.0,0.0,0.0,0.0,0.0,0.0
2022-02-18T05:00:00-00:00,0.15,3.0,0.0,0.0,4.24,4.24,0.0,0.0,0.0,0.0,0.0,4.0,0.0,0.0,0.0,0.0,0.0,0.0,0.0,0.0,0.0,0.0,0.0,0.0,0.0,0.0
2022-02-18T06:00:00-00:00,0.15,3.83971,0.0,0.0,3.74,2.71784,0.0,0.0,0.0,0.0,0.0,1.16029,0.0,0.0,0.0,0.0,0.0,0.0,0.0,0.0,0.0,0.0,0.0,0.0,0.0,0.0
2022-02-18T07:00:00-00:00,0.15,3.0,0.0,0.0,3.94,2.91,0.0,0.0,0.0,0.0,0.0,2.5,0.0,0.0,0.0,0.0,0.0,0.0,0.0,0.0,1.1,1.1,0.0,0.0,0.0,0.0
2022-02-18T08:00:00-00:00,0.15,3.0,0.0,0.0,2.5,1.0,0.0,0.0,0.0,0.0,0.0,8.05022,1.24,0.0,0.0,0.0,0.0,0.0,0.0,0.0,0.0,0.0,0.0,0.0,0.0,0.0
2022-02-18T09:00:00-00:00,0.15,2.5,0.0,0.0,2.0,1.10568,0.0,0.0,0.0,0.0,0.0,8.57894,1.74,0.0,0.0,0.0,0.0,0.0,0.0,0.0,0.0,0.0,0.0,0.0,0.0,0.0
2022-02-18T10:00:00-00:00,0.15,2.5,0.0,0.0,2.0,1.01821,0.0,0.0,0.0,0.0,0.0,9.7,1.74,0.0,0.0,0.0,0.0,0.0,0.0,0.0,0.0,0.0,0.0,0.0,0.0,0.0
2022-02-18T11:00:00-00:00,0.15,2.11,0.0,0.0,2.0,1.83267,0.0,0.0,0.0,0.0,0.0,8.92519,1.74,0.0,0.0,0.0,0.0,0.0,0.0,0.0,0.0,0.0,0.0,0.0,0.0,0.0
2022-02-18T12:00:00-00:00,0.15,3.0,0.0,0.0,2.5,2.5,0.0,0.0,0.0,0.0,0.0,2.8,1.24,0.0,0.0,0.0,0.0,0.0,0.0,0.0,0.0,0.0,0.0,0.0,0.0,0.0
2022-02-18T13:00:00-00:00,0.15,2.5,0.0,0.0,4.48,4.48,0.0,0.0,0.0,0.0,0.0,26.06063,0.0,0.0,0.0,0.0,0.0,0.0,0.0,0.0,0.0,0.0,0.0,0.0,0.0,0.0
2022-02-18T14:00:00-00:00,0.15,2.0,0.0,0.0,15.0,15.0,0.0,0.0,0.0,0.0,0.0,5.99,7.41164,7.41164,0.0,0.0,0.0,0.0,0.0,0.0,0.0,0.0,0.0,0.0,0.0,0.0
2022-02-18T15:00:00-00:00,0.15,2.5,0.0,0.0,9.34,7.51449,0.0,0.0,0.0,0.0,0.0,5.49,0.0,0.0,0.0,0.0,0.0,0.0,0.0,0.0,0.0,0.0,0.0,0.0,0.0,0.0
2022-02-18T16:00:00-00:00,0.12,4.29,0.0,0.0,4.44,4.44,0.0,0.0,0.0,0.0,0.0,17.49013,0.0,0.0,0.0,0.0,0.0,0.0,0.0,0.0,0.0,0.0,0.0,0.0,0.0,0.0
2022-02-18T17:00:00-00:00,0.15,6.29667,0.0,0.0,3.94,3.94,0.0,0.0,0.0,0.0,0.0,19.20333,0.0,0.0,0.0,0.0,0.0,0.0,0.0,0.0,0.0,0.0,0.0,0.0,0.0,0.0
2022-02-18T18:00:00-00:00,0.15,8.0,0.0,0.0,2.5,1.5,0.0,0.0,0.0,0.0,0.0,12.78365,1.44,0.0,0.0,0.0,0.0,0.0,0.0,0.0,0.0,0.0,0.0,0.0,0.0,0.0
2022-02-18T19:00:00-00:00,0.15,8.0,0.0,0.0,3.31033,1.38033,0.0,0.0,0.0,0.0,0.0,16.39623,0.62967,0.0,0.0,0.0,0.0,0.0,0.0,0.0,0.0,0.0,0.0,0.0,0.0,0.0
2022-02-18T20:00:00-00:00,0.15,7.5618,0.0,0.0,3.43,1.5,0.0,0.0,0.0,0.0,0.0,17.39457,0.51,0.0,0.0,0.0,0.0,0.0,0.0,0.0,0.0,0.0,0.0,0.0,0.0,0.0
2022-02-18T21:00:00-00:00,0.15,8.8432,0.0,0.0,3.43,1.5,0.0,0.0,0.0,0.0,0.0,42.49998,0.51,0.0,0.0,0.0,0.0,0.0,0.0,0.0,0.0,0.0,0.0,0.0,0.0,0.0
2022-02-18T22:00:00-00:00,0.15,13.10057,0.0,0.0,3.01,1.08,0.0,0.0,0.0,0.0,0.0,13.18126,1.93,0.0,0.0,0.0,0.0,0.0,0.0,0.0,0.0,0.0,0.0,0.0,0.0,0.0
2022-02-18T23:00:00-00:00,0.12,16.04306,0.0,0.0,3.0,1.07,0.0,0.0,0.0,0.0,0.0,1.50669,2.04,0.0,0.0,0.0,0.0,0.0,0.0,0.0,0.0,0.0,0.0,0.0,0.0,0.0
2022-02-19T00:00:00-00:00,0.15,5.93,0.0,0.0,5.0,5.0,0.0,0.0,0.0,0.0,0.0,2.37011,1.94,0.0,0.0,0.0,0.0,0.0,0.0,0.0,0.0,0.0,0.0,0.0,0.0,0.0
2022-02-19T01:00:00-00:00,0.15,2.5,0.0,0.0,12.0,12.0,0.0,0.0,0.0,0.0,0.0,5.49,0.34,0.34,0.0,0.0,0.0,0.0,0.0,0.0,0.0,0.0,0.0,0.0,0.0,0.0
2022-02-19T02:00:00-00:00,0.15,5.19,0.0,0.0,12.0,12.0,0.0,0.0,0.0,0.0,0.0,0.0,2.45149,2.45149,0.0,0.0,0.0,0.0,0.0,0.0,0.0,0.0,0.0,0.0,0.0,0.0
2022-02-19T03:00:00-00:00,0.15,2.5,0.0,0.0,9.0,9.0,0.0,0.0,0.0,0.0,0.0,3.64,3.14,3.14,0.0,0.0,0.0,0.0,0.0,0.0,0.0,0.0,0.0,0.0,0.0,0.0
2022-02-19T04:00:00-00:00,0.15,2.42346,0.0,0.0,6.66905,6.66905,0.0,0.0,0.0,0.0,0.0,5.56654,0.0,0.0,0.0,0.0,0.0,0.0,0.0,0.0,0.0,0.0,0.0,0.0,0.0,0.0
2022-02-19T05:00:00-00:00,0.15,2.5,0.0,0.0,5.96455,5.96455,0.0,0.0,0.0,0.0,0.0,5.49,0.0,0.0,0.0,0.0,0.0,0.0,0.0,0.0,0.0,0.0,0.0,0.0,0.0,0.0
2022-02-19T06:00:00-00:00,0.15,5.0,0.0,0.0,4.0,4.0,0.0,0.0,0.0,0.0,0.0,0.0,0.0,0.0,0.0,0.0,0.0,0.0,0.0,0.0,0.0,0.0,0.0,0.0,0.0,0.0
2022-02-19T07:00:00-00:00,0.15,2.07,0.0,0.0,3.06,2.34501,0.0,0.0,0.0,0.0,0.0,2.93,0.68,0.0,0.0,0.0,0.0,0.0,0.0,0.0,0.0,0.0,0.0,0.0,0.0,0.0
2022-02-19T08:00:00-00:00,0.12,2.5,0.0,0.0,1.97,1.97,0.0,0.0,0.0,0.0,0.0,8.4,1.77,0.0,0.0,0.0,0.0,0.0,0.03,0.0,0.03,0.03,0.0,0.0,0.0,0.0
2022-02-19T09:00:00-00:00,0.15,2.49,0.0,0.0,1.51,1.5,0.0,0.0,0.0,0.0,0.0,8.31,2.23,0.0,0.0,0.0,0.0,0.0,0.0,0.0,0.0,0.0,0.0,0.0,0.0,0.0
2022-02-19T10:00:00-00:00,0.15,2.49,0.0,0.0,1.51,1.5,0.0,0.0,0.0,0.0,0.0,9.61,2.23,0.0,0.0,0.0,0.0,0.0,0.0,0.0,0.0,0.0,0.0,0.0,0.0,0.0
2022-02-19T11:00:00-00:00,0.15,2.49,0.0,0.01,1.5,1.5,0.0,0.0,0.0,0.0,0.0,9.21,2.2214,0.0,0.0,0.0,0.0,0.0,0.0,0.0,0.0,0.0,0.0,0.0,0.0,0.0
2022-02-19T12:00:00-00:00,0.15,4.01,0.0,0.0,2.59918,2.59918,0.0,0.0,0.0,0.0,0.0,1.69,1.14082,0.0,0.0,0.0,0.0,0.0,0.0,0.0,0.0,0.0,0.0,0.0,0.0,0.0
2022-02-19T13:00:00-00:00,0.15,5.01,0.0,0.0,4.0,4.0,0.0,0.0,0.0,0.0,0.0,3.99,0.34,0.0,0.0,0.0,0.0,0.0,0.0,0.0,0.0,0.0,0.0,0.0,0.0,0.0
2022-02-19T14:00:00-00:00,0.15,3.0,0.0,0.0,12.3852,10.83776,0.0,0.0,0.0,0.0,0.0,14.0,0.20256,0.0,0.0,0.0,0.0,0.0,0.0,0.0,0.0,0.0,0.0,0.0,0.0,0.0
2022-02-19T15:00:00-00:00,0.15,2.5,0.0,0.0,9.24,6.0,0.0,0.0,0.0,0.0,0.0,28.09118,0.0,0.0,0.0,0.0,0.0,0.0,0.0,0.0,0.0,0.0,0.0,0.0,0.0,0.0
2022-02-19T16:00:00-00:00,0.12,4.29,0.0,0.0,3.96651,1.5,0.0,0.0,0.0,0.0,0.0,23.54648,0.37349,0.0,0.0,0.0,0.0,0.0,0.03,0.0,0.03,0.03,0.0,0.0,0.0,0.0
2022-02-19T17:00:00-00:00,0.15,8.78846,0.0,0.0,3.0,1.0,0.0,0.0,0.0,0.0,0.0,53.50214,0.94,0.0,0.0,0.0,0.0,0.0,0.0,0.0,0.0,0.0,0.0,0.0,0.0,0.0
2022-02-19T18:00:00-00:00,0.15,8.19229,0.0,0.0,2.5,1.5,0.0,0.0,0.0,0.0,0.0,75.82828,1.44,0.0,0.0,0.0,0.0,0.0,0.0,0.0,0.0,0.0,0.0,0.0,0.0,0.0
2022-02-19T19:00:00-00:00,0.15,8.0,0.0,0.0,2.5,1.5,0.0,0.0,0.0,0.0,0.0,77.43101,1.44,0.0,0.0,0.0,0.0,0.0,0.0,0.0,0.0,0.0,0.0,0.0,0.0,0.0
2022-02-19T20:00:00-00:00,0.15,8.8935,0.0,0.0,2.56,0.37,0.0,0.0,0.0,0.0,0.0,82.10477,1.38,1.13,0.0,0.0,0.0,0.0,0.0,0.0,0.0,0.0,0.0,0.0,0.0,0.0
2022-02-19T21:00:00-00:00,0.15,8.87965,0.0,0.0,2.5,0.37,0.0,0.0,0.0,0.0,0.0,66.53059,1.44,1.13,0.0,0.0,0.0,0.0,0.0,0.0,0.0,0.0,0.0,0.0,0.0,0.0
2022-02-19T22:00:00-00:00,0.15,9.0,0.0,0.0,3.0,1.5,0.0,0.0,0.0,0.0,0.0,82.23149,1.74,0.0,0.0,0.0,0.0,0.0,0.0,0.0,0.0,0.0,0.0,0.0,0.0,0.0
2022-02-19T23:00:00-00:00,0.12,34.3205,0.0,0.0,3.49,1.5,0.0,0.0,0.0,0.0,0.0,47.11957,1.25,0.0,0.0,0.0,0.0,0.0,0.0,0.0,0.0,0.0,0.0,0.0,0.0,0.0
2022-02-20T00:00:00-00:00,0.15,10.28191,0.0,0.0,5.0,5.0,0.0,0.0,0.0,0.0,0.0,20.03153,1.74,0.0,0.0,0.0,0.0,0.0,0.0,0.0,0.0,0.0,0.0,0.0,0.0,0.0
2022-02-20T01:00:00-00:00,0.15,2.0,0.0,0.0,11.72214,11.72214,0.0,0.0,0.0,0.0,0.0,17.33297,0.41786,0.41786,0.0,0.0,0.0,0.0,0.0,0.0,0.0,0.0,0.0,0.0,0.0,0.0
2022-02-20T02:00:00-00:00,0.15,3.0,0.0,0.0,18.62219,18.62219,0.0,0.0,0.0,0.0,0.0,4.0,0.0,0.0,0.0,0.0,0.0,0.0,0.0,0.0,0.0,0.0,0.0,0.0,0.0,0.0
2022-02-20T03:00:00-00:00,0.15,2.5,0.0,0.0,11.15007,10.37159,0.0,0.0,0.0,0.0,0.0,3.54,0.98993,0.98993,0.0,0.0,0.0,0.0,0.0,0.0,0.0,0.0,0.0,0.0,0.0,0.0
2022-02-20T04:00:00-00:00,0.15,2.0,0.0,0.0,8.68591,8.68591,0.0,0.0,0.0,0.0,0.0,16.50947,0.0,0.0,0.0,0.0,0.0,0.0,0.0,0.0,0.0,0.0,0.0,0.0,0.0,0.0
2022-02-20T05:00:00-00:00,0.15,2.5,0.0,0.0,5.84,5.84,0.0,0.0,0.0,0.0,0.0,4.5,0.0,0.0,0.0,0.0,0.0,0.0,0.0,0.0,0.0,0.0,0.0,0.0,0.0,0.0
2022-02-20T06:00:00-00:00,0.15,2.5,0.0,0.0,2.75432,2.75432,0.0,0.0,0.0,0.0,0.0,2.5,0.98568,0.0,0.0,0.0,0.0,0.0,0.0,0.0,0.0,0.0,0.0,0.0,0.0,0.0
2022-02-20T07:00:00-00:00,0.15,2.5,0.0,0.0,3.74,3.45314,0.0,0.0,0.0,0.0,0.0,22.22,0.0,0.0,0.0,0.0,0.0,0.0,0.0,0.0,0.0,0.0,0.0,0.0,0.0,0.0
2022-02-20T08:00:00-00:00,0.15,3.01,0.0,0.0,2.91,2.91,0.0,0.0,0.0,0.0,0.0,7.89,0.83,0.0,0.0,0.0,0.0,0.0,0.0,0.0,0.0,0.0,0.0,0.0,0.0,0.0
2022-02-20T09:00:00-00:00,0.12,3.01,0.0,0.0,1.5,1.5,0.0,0.0,0.0,0.0,0.0,7.79,2.24,0.0,0.0,0.0,0.0,0.0,0.03,0.0,0.5,0.5,0.0,0.0,0.0,0.0
2022-02-20T10:00:00-00:00,0.12,2.5,0.0,0.0,1.5,1.5,0.0,0.0,0.0,0.0,0.0,9.6,2.24,0.0,0.0,0.0,0.0,0.0,0.03,0.0,0.5,0.5,0.0,0.0,0.0,0.0
2022-02-20T11:00:00-00:00,0.12,2.5,0.0,0.0,1.5,1.5,0.0,0.0,0.0,0.0,0.0,10.03732,2.24,0.0,0.0,0.0,0.0,0.0,0.03,0.0,0.5,0.5,0.0,0.0,0.0,0.0
2022-02-20T12:00:00-00:00,0.15,3.90602,0.0,0.0,3.0,3.0,0.0,0.0,0.0,0.0,0.0,4.08398,0.74,0.0,0.0,0.0,0.0,0.0,0.0,0.0,0.0,0.0,0.0,0.0,0.0,0.0
2022-02-20T13:00:00-00:00,0.15,3.0,0.0,0.0,4.0,4.0,0.0,0.0,0.0,0.0,0.0,6.0,0.2,0.0,0.0,0.0,0.0,0.0,0.0,0.0,0.0,0.0,0.0,0.0,0.0,0.0
2022-02-20T14:00:00-00:00,0.15,2.5,0.0,0.0,12.54773,8.39267,0.0,0.0,0.0,0.0,0.0,14.5,0.0,0.0,0.0,0.0,0.0,0.0,0.0,0.0,0.0,0.0,0.0,0.0,0.0,0.0
2022-02-20T15:00:00-00:00,0.15,7.75974,0.0,0.0,5.0,1.0,0.0,0.0,0.0,0.0,0.0,56.61249,0.0,0.0,0.0,0.0,0.0,0.0,0.0,0.0,0.01,0.0,0.0,0.0,0.0,0.0
2022-02-20T16:00:00-00:00,0.15,11.59498,0.0,0.0,3.0,1.0,0.0,0.0,0.0,0.0,0.0,63.74351,1.2,0.0,0.0,0.0,0.0,0.0,0.0,0.0,0.0,0.0,0.0,0.0,0.0,0.0
2022-02-20T17:00:00-00:00,0.15,8.19353,0.0,0.0,3.0,1.03,0.0,0.0,0.0,0.0,0.0,70.21166,0.94,0.0,0.0,0.0,0.0,0.0,0.0,0.0,0.0,0.0,0.0,0.0,0.0,0.0
2022-02-20T18:00:00-00:00,0.15,8.39949,0.0,0.0,2.0,1.32565,0.0,0.0,0.0,0.0,0.0,72.23089,1.94,0.0,0.0,0.0,0.0,0.0,0.0,0.0,0.0,0.0,0.0,0.0,0.0,0.0
2022-02-20T19:00:00-00:00,0.15,9.87568,0.0,0.0,2.0,0.39,0.0,0.0,0.0,0.0,0.0,56.88212,1.94,0.61,0.0,0.0,0.0,0.0,0.0,0.0,0.0,0.0,0.0,0.0,0.0,0.0
2022-02-20T20:00:00-00:00,0.15,8.62,0.0,0.0,3.0,0.15,0.0,0.0,0.0,0.0,0.0,44.10917,1.0,0.85,0.0,0.0,0.0,0.0,0.0,0.0,0.0,0.0,0.0,0.0,0.0,0.0
2022-02-20T21:00:00-00:00,0.15,9.31,0.0,0.0,2.0,0.39,0.0,0.0,0.0,0.0,0.0,44.87906,2.0,0.61,0.0,0.0,0.0,0.0,0.0,0.0,0.0,0.0,0.0,0.0,0.0,0.0
2022-02-20T22:00:00-00:00,0.15,9.4817,0.0,0.0,2.7,0.39,0.0,0.0,0.0,0.0,0.0,42.74582,2.04,0.61,0.0,0.0,0.0,0.0,0.0,0.0,0.0,0.0,0.0,0.0,0.0,0.0
2022-02-20T23:00:00-00:00,0.15,16.0,0.0,0.0,3.0,0.69,0.0,0.0,0.0,0.0,0.0,29.10969,1.74,0.06,0.0,0.0,0.0,0.0,0.0,0.0,0.0,0.0,0.0,0.0,0.0,0.0
2022-02-21T00:00:00-00:00,0.15,14.16629,0.0,0.0,6.74,5.98,0.0,0.0,0.0,0.0,0.0,50.82098,0.0,0.0,0.0,0.0,0.0,0.0,0.0,0.0,0.0,0.0,0.0,0.0,0.0,0.0
2022-02-21T01:00:00-00:00,0.15,3.0,0.0,0.0,12.0,12.0,0.0,0.0,0.0,0.0,0.0,22.73797,0.0,0.0,0.0,0.0,0.0,0.0,0.0,0.0,0.0,0.0,0.0,0.0,0.0,0.0
2022-02-21T02:00:00-00:00,0.15,3.54,0.0,0.0,17.26841,17.26841,0.0,0.0,0.0,0.0,0.0,2.84,0.0,0.0,0.0,0.0,0.0,0.0,0.0,0.0,0.0,0.0,0.0,0.0,0.0,0.0
2022-02-21T03:00:00-00:00,0.15,2.5,0.0,0.0,12.03268,12.03268,0.0,0.0,0.0,0.0,0.0,3.54,0.0,0.0,0.0,0.0,0.0,0.0,0.0,0.0,0.0,0.0,0.0,0.0,0.0,0.0
2022-02-21T04:00:00-00:00,0.15,2.0,0.0,0.0,6.64,6.64,0.0,0.0,0.0,0.0,0.0,9.0,0.0,0.0,0.0,0.0,0.0,0.0,0.0,0.0,1.41203,1.41203,0.0,0.0,0.0,0.0
2022-02-21T05:00:00-00:00,0.15,2.5,0.0,0.0,5.63433,5.63433,0.0,0.0,0.0,0.0,0.0,5.5,0.00567,0.0,0.0,0.0,0.0,0.0,0.0,0.0,0.0,0.0,0.0,0.0,0.0,0.0
2022-02-21T06:00:00-00:00,0.15,2.5,0.0,0.0,3.0,3.0,0.0,0.0,0.0,0.0,0.0,3.5,0.74,0.0,0.0,0.0,0.0,0.0,0.0,0.0,0.0,0.0,0.0,0.0,0.0,0.0
2022-02-21T07:00:00-00:00,0.15,4.01,0.0,0.0,3.74,2.91,0.0,0.0,0.0,0.0,0.0,0.99,0.0,0.0,0.0,0.0,0.0,0.0,0.0,0.0,0.26,0.26,0.0,0.0,0.0,0.0
2022-02-21T08:00:00-00:00,0.15,10.0,0.0,0.0,2.75816,2.0,0.0,0.0,0.0,0.0,0.0,0.9,0.98184,0.0,0.0,0.0,0.0,0.0,0.0,0.0,0.0,0.0,0.0,0.0,0.0,0.0
2022-02-21T09:00:00-00:00,0.15,3.0,0.0,0.0,1.65,1.5,0.0,0.0,0.0,0.0,0.0,7.8,2.09,0.0,0.0,0.0,0.0,0.0,0.0,0.0,0.0,0.0,0.0,0.0,0.0,0.0
2022-02-21T10:00:00-00:00,0.15,3.0,0.0,0.0,1.65,1.5,0.0,0.0,0.0,0.0,0.0,9.1,2.09,0.0,0.0,0.0,0.0,0.0,0.0,0.0,0.0,0.0,0.0,0.0,0.0,0.0
2022-02-21T11:00:00-00:00,0.15,3.0,0.0,0.0,2.0,1.85,0.0,0.0,0.0,0.0,0.0,8.7,1.74,0.0,0.0,0.0,0.0,0.0,0.0,0.0,0.0,0.0,0.0,0.0,0.0,0.0
2022-02-21T12:00:00-00:00,0.15,2.5,0.0,0.0,2.0,1.85,0.0,0.0,0.0,0.0,0.0,3.2,1.74,0.0,0.0,0.0,0.0,0.0,0.0,0.0,0.0,0.0,0.0,0.0,0.0,0.0
2022-02-21T13:00:00-00:00,0.15,5.0,0.0,0.0,3.01,3.01,0.0,0.0,0.0,0.0,0.0,4.0,1.24,0.0,0.0,0.0,0.0,0.0,0.0,0.0,0.0,0.0,0.0,0.0,0.0,0.0
2022-02-21T14:00:00-00:00,0.15,2.5,0.0,0.0,15.04,15.04,0.0,0.0,0.0,0.0,0.0,10.99641,0.0,0.0,0.0,0.0,0.0,0.0,0.0,0.0,0.0,0.0,0.0,0.0,0.0,0.0
2022-02-21T15:00:00-00:00,0.12,7.95368,0.0,0.0,6.2877,3.9677,0.0,0.0,0.0,0.0,0.0,1.81062,0.0,0.0,0.0,0.0,0.0,0.0,0.03,0.0,0.03,0.03,0.0,0.0,0.0,0.0
2022-02-21T16:00:00-00:00,0.12,14.68364,0.0,0.0,4.54,2.91,0.0,0.0,0.0,0.0,0.0,31.69284,0.0,0.0,0.0,0.0,0.0,0.0,0.03,0.0,0.03,0.03,0.0,0.0,0.0,0.0
2022-02-21T17:00:00-00:00,0.15,18.75392,0.0,0.0,3.61,1.5,0.0,0.0,0.0,0.0,0.0,32.71969,0.33,0.0,0.0,0.0,0.0,0.0,0.0,0.0,0.0,0.0,0.0,0.0,0.0,0.0
2022-02-21T18:00:00-00:00,0.15,19.90029,0.0,0.0,3.12971,1.01971,0.0,0.0,0.0,0.0,0.0,8.77971,0.87029,0.0,0.0,0.0,0.0,0.0,0.0,0.0,0.0,0.0,0.0,0.0,0.0,0.0
2022-02-21T19:00:00-00:00,0.15,20.5294,0.0,0.0,2.5,1.0,0.0,0.0,0.0,0.0,0.0,40.09509,1.5,0.0,0.0,0.0,0.0,0.0,0.0,0.0,0.0,0.0,0.0,0.0,0.0,0.0
2022-02-21T20:00:00-00:00,0.15,8.01,0.0,0.0,3.11,1.0,0.0,0.0,0.0,0.0,0.0,26.5161,0.93,0.0,0.0,0.0,0.0,0.0,0.0,0.0,0.0,0.0,0.0,0.0,0.0,0.0
2022-02-21T21:00:00-00:00,0.15,15.82294,0.0,0.0,3.61,1.5,0.0,0.0,0.0,0.0,0.0,25.87706,0.43,0.0,0.0,0.0,0.0,0.0,0.0,0.0,0.0,0.0,0.0,0.0,0.0,0.0
2022-02-21T22:00:00-00:00,0.15,21.54524,0.0,0.0,3.22562,1.11562,0.0,0.0,0.0,0.0,0.0,15.96328,1.51438,0.0,0.0,0.0,0.0,0.0,0.0,0.0,0.0,0.0,0.0,0.0,0.0,0.0
2022-02-21T23:00:00-00:00,0.12,32.24708,0.0,0.0,4.94,2.83,0.0,0.0,0.0,0.0,0.0,0.36636,0.0,0.0,0.0,0.0,0.0,0.0,0.0,0.0,0.0,0.0,0.0,0.0,0.0,0.0
2022-02-22T00:00:00-00:00,0.15,15.0,0.0,0.0,8.76599,8.76599,0.0,0.0,0.0,0.0,0.0,4.88892,0.0,0.0,0.0,0.0,0.0,0.0,0.0,0.0,0.0,0.0,0.0,0.0,0.0,0.0
2022-02-22T01:00:00-00:00,0.15,2.0,0.0,0.0,12.0,12.0,0.0,0.0,0.0,0.0,0.0,11.0,3.71062,3.71062,0.0,0.0,0.0,0.0,0.0,0.0,0.0,0.0,0.0,0.0,0.0,0.0
2022-02-22T02:00:00-00:00,0.15,5.14,0.0,0.0,20.31165,20.21165,0.0,0.0,0.0,0.0,0.0,0.0,9.13576,3.99576,0.0,0.0,0.0,0.0,0.0,0.0,0.0,0.0,0.0,0.0,0.0,0.0
2022-02-22T03:00:00-00:00,0.15,3.0,0.0,0.0,12.14,9.0,0.0,0.0,0.0,0.0,0.0,4.99,0.0,0.0,0.0,0.0,0.0,0.0,0.0,0.0,0.0,0.0,0.0,0.0,0.0,0.0
2022-02-22T04:00:00-00:00,0.15,3.0,0.0,0.0,9.0,9.0,0.0,0.0,0.0,0.0,0.0,4.99,0.0,0.0,0.0,0.0,0.0,0.0,0.0,0.0,0.0,0.0,0.0,0.0,0.0,0.0
2022-02-22T05:00:00-00:00,0.15,1.78775,0.01,0.0,6.0,6.0,0.0,0.0,0.0,0.0,0.0,5.20225,0.0,0.0,0.0,0.0,0.0,0.0,0.0,0.0,0.72148,0.0,0.0,0.0,0.0,0.0
2022-02-22T06:00:00-00:00,0.15,2.5,0.0,0.0,3.15122,2.91,0.0,0.0,0.0,0.0,0.0,3.5,0.58878,0.0,0.0,0.0,0.0,0.0,0.0,0.0,0.0,0.0,0.0,0.0,0.0,0.0
2022-02-22T07:00:00-00:00,0.12,6.46,0.0,0.0,3.74,1.5,0.0,0.0,0.0,0.0,0.0,60.42523,0.0,0.0,0.0,0.0,0.0,0.0,0.03,0.0,0.40656,0.40656,0.0,0.0,0.0,0.0
2022-02-22T08:00:00-00:00,0.15,3.5,0.0,0.0,2.93635,1.5,0.0,0.0,0.0,0.0,0.0,11.74469,0.80365,0.0,0.0,0.0,0.0,0.0,0.0,0.0,0.0,0.0,0.0,0.0,0.0,0.0
2022-02-22T09:00:00-00:00,0.12,3.0,0.0,0.0,1.69487,1.5,0.0,0.0,0.0,0.0,0.0,12.79294,2.04513,0.0,0.0,0.0,0.0,0.0,0.03,0.0,0.03,0.03,0.0,0.0,0.0,0.0
2022-02-22T10:00:00-00:00,0.12,5.0,0.0,0.0,1.6,1.5,0.0,0.0,0.0,0.0,0.0,12.59739,2.14,0.0,0.0,0.0,0.0,0.0,0.03,0.0,0.03,0.03,0.0,0.0,0.0,0.0
2022-02-22T11:00:00-00:00,0.12,5.0,0.0,0.0,1.6,1.5,0.0,0.0,0.0,0.0,0.0,21.00675,2.14,0.0,0.0,0.0,0.0,0.0,0.03,0.0,0.03,0.03,0.0,0.0,0.0,0.0
2022-02-22T12:00:00-00:00,0.12,6.33,0.0,0.0,1.97,1.5,0.0,0.0,0.0,0.0,0.0,0.0,1.77,0.0,0.0,0.0,0.0,0.0,0.03,0.0,0.03,0.03,0.0,0.0,0.0,0.0
2022-02-22T13:00:00-00:00,0.15,6.33,0.0,0.0,3.74,3.74,0.0,0.0,0.0,0.0,0.0,1.67,0.0,0.0,0.0,0.0,0.0,0.0,0.0,0.0,0.0,0.0,0.0,0.0,0.0,0.0
2022-02-22T14:00:00-00:00,0.15,2.0,0.0,0.0,12.17,11.5498,0.0,0.0,0.0,0.0,0.0,5.99,2.41501,2.41501,0.0,0.0,0.0,0.0,0.0,0.0,0.0,0.0,0.0,0.0,0.0,0.0
2022-02-22T15:00:00-00:00,0.15,2.63,0.0,0.0,5.24,3.06432,0.0,0.0,0.0,0.0,0.0,2.37,0.0,0.0,0.0,0.0,0.0,0.0,0.0,0.0,0.0,0.0,0.0,0.0,0.0,0.0
2022-02-22T16:00:00-00:00,0.15,14.83445,0.0,0.0,3.9,1.0,0.0,0.0,0.0,0.0,0.0,6.76555,0.44,0.0,0.0,0.0,0.0,0.0,0.0,0.0,0.0,0.0,0.0,0.0,0.0,0.0
2022-02-22T17:00:00-00:00,0.15,9.43289,0.0,0.0,3.11,0.37,0.0,0.0,0.0,0.0,0.0,15.75711,0.63,0.63,0.0,0.0,0.0,0.0,0.0,0.0,0.0,0.0,0.0,0.0,0.0,0.0
2022-02-22T18:00:00-00:00,0.15,5.71718,0.0,0.0,3.01,1.0,0.0,0.0,0.0,0.0,0.0,0.0,0.73,0.0,0.0,0.0,0.0,0.0,0.0,0.0,0.0,0.0,0.0,0.0,0.0,0.0
2022-02-22T19:00:00-00:00,0.12,7.96558,0.0,0.0,3.0,1.0,0.0,0.0,0.0,0.0,0.0,21.23184,1.0,0.0,0.0,0.0,0.0,0.0,0.0,0.0,0.0,0.0,0.0,0.0,0.0,0.0
2022-02-22T20:00:00-00:00,0.12,6.38608,0.0,0.0,3.08,1.0,0.0,0.0,0.0,0.0,0.0,18.61392,0.96,0.0,0.0,0.0,0.0,0.0,0.0,0.0,0.0,0.0,0.0,0.0,0.0,0.0
2022-02-22T21:00:00-00:00,0.12,8.0,0.0,0.0,3.0,1.08,0.0,0.0,0.0,0.0,0.0,25.5,1.04,0.0,0.0,0.0,0.0,0.0,0.0,0.0,0.0,0.0,0.0,0.0,0.0,0.0
2022-02-22T22:00:00-00:00,0.12,11.54,0.0,0.0,3.42,1.34,0.0,0.0,0.0,0.0,0.0,5.69152,0.92,0.0,0.0,0.0,0.0,0.0,0.0,0.0,0.0,0.0,0.0,0.0,0.0,0.0
2022-02-22T23:00:00-00:00,0.15,13.19,0.0,0.0,3.3458,1.2658,0.0,0.0,0.0,0.0,0.0,0.0,1.29662,0.0,0.0,0.0,0.0,0.0,0.0,0.0,0.0,0.0,0.0,0.0,0.0,0.0
2022-02-23T00:00:00-00:00,0.15,10.37021,0.0,0.0,8.74,8.74,0.0,0.0,0.0,0.0,0.0,0.0,0.0,0.0,0.0,0.0,0.0,0.0,0.0,0.0,0.0,0.0,0.0,0.0,0.0,0.0
2022-02-23T01:00:00-00:00,0.15,5.0,0.0,0.0,14.76106,12.0,0.0,0.0,0.0,0.0,0.0,6.04,6.94643,6.94643,0.0,0.0,0.0,0.0,0.0,0.0,0.0,0.0,0.0,0.0,0.0,0.0
2022-02-23T02:00:00-00:00,0.15,5.5,0.0,0.0,19.04097,18.94097,0.0,0.0,0.0,0.0,0.0,0.0,19.5582,19.5582,0.0,0.0,0.0,0.0,0.0,0.0,0.0,0.0,0.0,0.0,0.0,0.0
2022-02-23T03:00:00-00:00,0.15,2.5,0.0,0.0,12.46697,12.46697,0.0,0.0,0.0,0.0,0.0,5.44,24.99103,19.99103,0.0,0.0,0.0,0.0,0.0,0.0,0.0,0.0,0.0,0.0,0.0,0.0
2022-02-23T04:00:00-00:00,0.15,4.81028,0.0,0.0,9.0,9.0,0.0,0.0,0.0,0.0,0.0,2.22972,0.28311,0.28311,0.0,0.0,0.0,0.0,0.0,0.0,0.0,0.0,0.0,0.0,0.0,0.0
2022-02-23T05:00:00-00:00,0.15,1.86226,0.01,0.0,5.44,5.44,0.0,0.0,0.0,0.0,0.0,6.09115,0.0,0.0,0.0,0.0,0.0,0.0,0.0,0.0,0.0,0.0,0.0,0.0,0.0,0.0
2022-02-23T06:00:00-00:00,0.15,2.5,0.0,0.0,4.23,4.23,0.0,0.0,0.0,0.0,0.0,5.49,0.0,0.0,0.0,0.0,0.0,0.0,0.0,0.0,0.77,0.77,0.0,0.0,0.0,0.0
2022-02-23T07:00:00-00:00,0.15,6.33,0.0,0.0,3.94,3.74,0.0,0.0,0.0,0.0,0.0,27.09754,0.0,0.0,0.0,0.0,0.0,0.0,0.0,0.0,0.0,0.0,0.0,0.0,0.0,0.0
2022-02-23T08:00:00-00:00,0.15,3.38,0.0,0.0,3.34074,1.0,0.0,0.0,0.0,0.0,0.0,4.61,0.39926,0.0,0.0,0.0,0.0,0.0,0.0,0.0,0.0,0.0,0.0,0.0,0.0,0.0
2022-02-23T09:00:00-00:00,0.15,4.01,0.0,0.0,3.0,1.5,0.0,0.0,0.0,0.0,0.0,4.49,0.74,0.0,0.0,0.0,0.0,0.0,0.0,0.0,0.0,0.0,0.0,0.0,0.0,0.0
2022-02-23T10:00:00-00:00,0.15,3.38,0.0,0.0,2.01,1.5,0.0,0.0,0.0,0.0,0.0,5.32,1.73,0.0,0.0,0.0,0.0,0.0,0.0,0.0,0.0,0.0,0.0,0.0,0.0,0.0
2022-02-23T11:00:00-00:00,0.12,2.5,0.0,0.0,2.0,1.5,0.0,0.0,0.0,0.0,0.0,6.1,1.74,0.0,0.0,0.0,0.0,0.0,0.0,0.0,0.0,0.0,0.0,0.0,0.0,0.0
2022-02-23T12:00:00-00:00,0.15,3.0,0.0,0.0,3.0,1.5,0.0,0.0,0.0,0.0,0.0,3.4,0.74,0.0,0.0,0.0,0.0,0.0,0.0,0.0,0.0,0.0,0.0,0.0,0.0,0.0
2022-02-23T13:00:00-00:00,0.15,3.0,0.0,0.0,3.74,3.74,0.0,0.0,0.0,0.0,0.0,3.0,0.0,0.0,0.0,0.0,0.0,0.0,0.0,0.0,0.0,0.0,0.0,0.0,0.0,0.0
2022-02-23T14:00:00-00:00,0.15,2.0,0.0,0.0,25.16607,25.16607,0.0,0.0,0.0,0.0,0.0,5.44,4.0,0.0,0.0,0.0,0.0,0.0,0.0,0.0,0.0,0.0,0.0,0.0,0.0,0.0
2022-02-23T15:00:00-00:00,0.15,6.76,0.0,0.0,6.0,6.0,0.0,0.0,0.0,0.0,0.0,1.23,0.0,0.0,0.0,0.0,0.0,0.0,0.0,0.0,0.0,0.0,0.0,0.0,0.0,0.0
2022-02-23T16:00:00-00:00,0.15,6.91,0.0,0.0,14.02521,4.54,0.0,0.0,0.0,0.0,0.0,10.24337,0.0,0.0,0.0,0.0,0.0,0.0,0.0,0.0,0.0,0.0,0.0,0.0,0.0,0.0
2022-02-23T17:00:00-00:00,0.15,6.91,0.0,0.0,4.0,1.5,0.0,0.0,0.0,0.0,0.0,0.0,0.0,0.0,0.0,0.0,0.0,0.0,0.0,0.0,0.0,0.0,0.0,0.0,0.0,0.0
2022-02-23T18:00:00-00:00,0.12,8.1,0.0,0.0,4.97,1.5,0.0,0.0,0.0,0.0,0.0,0.0,0.0,0.0,0.0,0.0,0.0,0.0,0.03,0.0,0.03,0.03,0.0,0.0,0.0,0.0
2022-02-23T19:00:00-00:00,0.12,14.65778,0.0,0.0,4.24,1.5,0.0,0.0,0.0,0.0,0.0,6.38222,0.0,0.0,0.0,0.0,0.0,0.0,0.03,0.0,0.03,0.03,0.0,0.0,0.0,0.0
2022-02-23T20:00:00-00:00,0.15,8.26401,0.0,0.0,2.9,1.1,0.0,0.0,0.0,0.0,0.0,12.77599,1.34,0.0,0.0,0.0,0.0,0.0,0.0,0.0,0.0,0.0,0.0,0.0,0.0,0.0
2022-02-23T21:00:00-00:00,0.15,8.84,0.0,0.0,3.0,1.2,0.0,0.0,0.0,0.0,0.0,8.34619,1.04,0.0,0.0,0.0,0.0,0.0,0.0,0.0,0.0,0.0,0.0,0.0,0.0,0.0
2022-02-23T22:00:00-00:00,0.15,18.47349,0.0,0.0,5.19782,1.5,0.0,0.0,0.0,0.0,0.0,0.63274,0.0,0.0,0.0,0.0,0.0,0.0,0.0,0.0,0.0,0.0,0.0,0.0,0.0,0.0
2022-02-23T23:00:00-00:00,0.12,15.41,0.0,0.0,4.84,1.0,0.0,0.0,0.0,0.0,0.0,14.27105,0.0,0.0,0.0,0.0,0.0,0.0,0.0,0.0,0.0,0.0,0.0,0.0,0.0,0.0
2022-02-24T00:00:00-00:00,0.15,4.55,0.0,0.0,7.41,5.0,0.0,0.0,0.0,0.0,0.0,19.44096,1.33,0.0,0.0,0.0,0.0,0.0,0.0,0.0,0.0,0.0,0.0,0.0,0.0,0.0
2022-02-24T01:00:00-00:00,0.2,2.74402,0.0,0.0,9.67662,9.67662,0.0,0.0,0.0,0.0,0.0,5.24598,5.0,0.0,0.0,0.0,0.0,0.0,0.0,0.0,0.0,0.0,0.0,0.0,0.0,0.0
2022-02-24T02:00:00-00:00,0.2,3.69347,0.0,0.0,20.74696,20.64696,0.0,0.0,0.0,0.0,0.0,1.74653,8.67311,3.53311,0.0,0.0,0.0,0.0,0.0,0.0,0.0,0.0,0.0,0.0,0.0,0.0
2022-02-24T03:00:00-00:00,0.2,2.0,0.0,0.0,18.38465,18.38465,0.0,0.0,0.0,0.0,0.0,5.74,8.62296,2.88209,0.0,0.0,0.0,0.0,0.0,0.0,0.0,0.0,0.0,0.0,0.0,0.0
2022-02-24T04:00:00-00:00,0.2,2.0,0.0,0.0,9.33,9.33,0.0,0.0,0.0,0.0,0.0,4.84,2.33996,2.33996,0.0,0.0,0.0,0.0,0.0,0.0,0.0,0.0,0.0,0.0,0.0,0.0
2022-02-24T05:00:00-00:00,0.25,2.5,0.0,0.0,6.23,6.23,0.0,0.0,0.0,0.0,0.0,5.24,0.0,0.0,0.0,0.0,0.0,0.0,0.0,0.0,0.0,0.0,0.0,0.0,0.0,0.0
2022-02-24T06:00:00-00:00,0.15,2.5,0.0,0.0,4.14,2.14,0.0,0.0,0.0,0.0,0.0,3.5,0.0,0.0,0.0,0.0,0.0,0.0,0.0,0.0,0.0,0.0,0.0,0.0,0.0,0.0
2022-02-24T07:00:00-00:00,0.12,6.67,0.0,0.0,4.0,1.5,0.0,0.0,0.0,0.0,0.0,1.32,0.0,0.0,0.0,0.0,0.0,0.0,0.03,0.0,3.28642,0.03,0.0,0.0,0.0,0.0
2022-02-24T08:00:00-00:00,0.15,6.01,0.0,0.0,2.5,1.15835,0.0,0.0,0.0,0.0,0.0,0.0,1.24,0.0,0.0,0.0,0.0,0.0,0.0,0.0,0.0,0.0,0.0,0.0,0.0,0.0
2022-02-24T09:00:00-00:00,0.12,5.0,0.0,0.0,6.23,1.0,0.0,0.0,0.0,0.0,0.0,6.81626,0.0,0.0,0.0,0.0,0.0,0.0,0.0,0.0,0.0,0.0,0.0,0.0,0.0,0.0
2022-02-24T10:00:00-00:00,0.12,4.92,0.0,0.0,6.23,1.5,0.0,0.0,0.0,0.0,0.0,15.72057,0.0,0.0,0.0,0.0,0.0,0.0,0.0,0.0,0.0,0.0,0.0,0.0,0.0,0.0
2022-02-24T11:00:00-00:00,0.12,5.0,0.0,0.0,6.50491,1.5,0.0,0.0,0.0,0.0,0.0,2.99,0.0,0.0,0.0,0.0,0.0,0.0,0.0,0.0,0.0,0.0,0.0,0.0,0.0,0.0
2022-02-24T12:00:00-00:00,0.15,5.0,0.0,0.0,2.5,2.30743,0.0,0.0,0.0,0.0,0.0,2.99,1.24,0.0,0.0,0.0,0.0,0.0,0.0,0.0,0.0,0.0,0.0,0.0,0.0,0.0
2022-02-24T13:00:00-00:00,1.0,2.5,0.0,0.0,5.35575,5.35575,0.0,0.0,0.0,0.0,0.0,5.49,0.0,0.0,0.0,0.0,0.0,0.0,0.0,0.0,0.0,0.0,0.0,0.0,0.0,0.0
2022-02-24T14:00:00-00:00,0.2,2.0,0.0,0.0,30.0029,26.85145,0.0,0.0,0.0,0.0,0.0,5.34,0.0,0.0,0.0,0.0,0.0,0.0,0.0,0.0,0.0,0.0,0.0,0.0,0.0,0.0
2022-02-24T15:00:00-00:00,0.2,4.30142,0.0,0.0,10.53,6.0,0.0,0.0,0.0,0.0,0.0,3.03858,0.0,0.0,0.0,0.0,0.0,0.0,0.0,0.0,0.0,0.0,0.0,0.0,0.0,0.0
2022-02-24T16:00:00-00:00,0.2,4.77,0.0,0.0,5.53,1.0,0.0,0.0,0.0,0.0,0.0,3.23,1.97,0.0,0.0,0.0,0.0,0.0,0.0,0.0,0.0,0.0,0.0,0.0,0.0,0.0
2022-02-24T17:00:00-00:00,0.2,4.99,0.0,0.0,4.0,1.5,0.0,0.0,0.0,0.0,0.0,1.19645,0.0,0.0,0.0,0.0,0.0,0.0,0.0,0.0,0.0,0.0,0.0,0.0,0.0,0.0
2022-02-24T18:00:00-00:00,0.15,7.83,0.0,0.0,4.94,1.5,0.0,0.0,0.0,0.0,0.0,0.0,0.0,0.0,0.0,0.0,0.0,0.0,0.0,0.0,0.0,0.0,0.0,0.0,0.0,0.0
2022-02-24T19:00:00-00:00,0.15,8.1,0.0,0.0,2.61,1.0,0.0,0.0,0.0,0.0,0.0,0.0,1.39,0.0,0.0,0.0,0.0,0.0,0.0,0.0,0.0,0.0,0.0,0.0,0.0,0.0
2022-02-24T20:00:00-00:00,0.15,13.28632,0.0,0.0,3.0,1.39,0.0,0.0,0.0,0.0,0.0,0.0,1.0,0.0,0.0,0.0,0.0,0.0,0.0,0.0,0.0,0.0,0.0,0.0,0.0,0.0
2022-02-24T21:00:00-00:00,0.15,12.15976,0.0,0.0,3.0,1.0,0.0,0.0,0.0,0.0,0.0,2.64024,1.24,0.0,0.0,0.0,0.0,0.0,0.0,0.0,0.0,0.0,0.0,0.0,0.0,0.0
2022-02-24T22:00:00-00:00,0.15,24.0,0.0,0.0,2.61,1.0,0.0,0.0,0.0,0.0,0.0,0.0,2.43,0.0,0.0,0.0,0.0,0.0,0.0,0.0,0.0,0.0,0.0,0.0,0.0,0.0
2022-02-24T23:00:00-00:00,0.15,26.6771,0.0,0.0,2.91,1.3,0.0,0.0,0.0,0.0,0.0,0.0,1.93,0.0,0.0,0.0,0.0,0.0,0.0,0.0,0.0,0.0,0.0,0.0,0.0,0.0
2022-02-25T00:00:00-00:00,0.15,7.83,0.0,0.0,4.82,4.82,0.0,0.0,0.0,0.0,0.0,2.17,3.92,0.0,0.0,0.0,0.0,0.0,0.0,0.0,0.0,0.0,0.0,0.0,0.0,0.0
2022-02-25T01:00:00-00:00,0.25,3.08963,0.0,0.0,8.18,8.18,0.0,0.0,0.0,0.0,0.0,4.35037,0.0,0.0,0.0,0.0,0.0,0.0,0.0,0.0,0.0,0.0,0.0,0.0,0.0,0.0
2022-02-25T02:00:00-00:00,1.0,5.44,0.0,0.0,21.28989,21.28989,0.0,0.0,0.0,0.0,0.0,0.0,0.0,0.0,0.0,0.0,0.0,0.0,0.0,0.0,0.0,0.0,0.0,0.0,0.0,0.0
2022-02-25T03:00:00-00:00,1.0,2.0,0.0,0.0,10.49512,10.49512,0.0,0.0,0.0,0.0,0.0,5.34,0.0,0.0,0.0,0.0,0.0,0.0,0.0,0.0,0.0,0.0,0.0,0.0,0.0,0.0
2022-02-25T04:00:00-00:00,0.25,4.98474,0.0,0.0,6.10141,6.10141,0.0,0.0,0.0,0.0,0.0,1.45526,0.12859,0.0,0.0,0.0,0.0,0.0,0.0,0.0,0.0,0.0,0.0,0.0,0.0,0.0
2022-02-25T05:00:00-00:00,1.0,7.32764,0.0,0.0,5.39717,5.39717,0.0,0.0,0.0,0.0,0.0,0.01236,0.74283,0.0,0.0,0.0,0.0,0.0,0.0,0.0,0.0,0.0,0.0,0.0,0.0,0.0
2022-02-25T06:00:00-00:00,0.2,4.01,0.0,0.0,2.78,1.2,0.0,0.0,0.0,0.0,0.0,3.98,1.36,0.0,0.0,0.0,0.0,0.0,0.8,0.0,0.8,0.8,0.0,0.0,0.0,0.0
2022-02-25T07:00:00-00:00,0.12,7.87,0.0,0.0,4.0,1.0,0.0,0.0,0.0,0.0,0.0,7.36395,0.0,0.0,0.0,0.0,0.0,0.0,0.03,0.0,3.0,2.0,0.0,0.0,0.0,0.0
2022-02-25T08:00:00-00:00,0.15,5.05,0.0,0.0,6.23,1.0,0.0,0.0,0.0,0.0,0.0,8.80774,0.0,0.0,0.0,0.0,0.0,0.0,0.0,0.0,0.0,0.0,0.0,0.0,0.0,0.0
2022-02-25T09:00:00-00:00,0.15,3.26669,0.0,0.0,2.5,1.0,0.0,0.0,0.0,0.0,0.0,13.63653,3.73,0.0,0.0,0.0,0.0,0.0,0.0,0.0,0.0,0.0,0.0,0.0,0.0,0.0
2022-02-25T10:00:00-00:00,0.15,4.64864,0.0,0.0,2.01,1.0,0.0,0.0,0.0,0.0,0.0,13.75676,1.99,0.0,0.0,0.0,0.0,0.0,0.0,0.0,0.0,0.0,0.0,0.0,0.0,0.0
2022-02-25T11:00:00-00:00,0.15,4.12857,0.0,0.0,2.0,1.0,0.0,0.0,0.0,0.0,0.0,3.86143,2.0,0.0,0.0,0.0,0.0,0.0,0.0,0.0,0.0,0.0,0.0,0.0,0.0,0.0
2022-02-25T12:00:00-00:00,0.15,3.0,0.0,0.01,1.96039,1.5,0.0,0.0,0.0,0.0,0.0,4.99,2.02961,0.0,0.0,0.0,0.0,0.0,0.0,0.0,0.0,0.0,0.0,0.0,0.0,0.0
2022-02-25T13:00:00-00:00,0.2,3.01,0.0,0.0,5.27121,5.27121,0.0,0.0,0.0,0.0,0.0,4.98,1.76879,0.0,0.0,0.0,0.0,0.0,0.0,0.0,0.0,0.0,0.0,0.0,0.0,0.0
2022-02-25T14:00:00-00:00,0.25,2.0,0.0,0.0,29.30712,29.30712,0.0,0.0,0.0,0.0,0.0,5.34,4.98583,4.98583,0.0,0.0,0.0,0.0,0.0,0.0,0.0,0.0,0.0,0.0,0.0,0.0
2022-02-25T15:00:00-00:00,0.2,5.56,0.0,0.0,9.04,9.04,0.0,0.0,0.0,0.0,0.0,4.85709,0.0,0.0,0.0,0.0,0.0,0.0,0.0,0.0,4.16,0.0,0.0,0.0,0.0,0.0
2022-02-25T16:00:00-00:00,0.15,4.61,0.0,0.0,5.53703,1.0,0.0,0.0,0.0,0.0,0.0,3.38,0.70297,0.0,0.0,0.0,0.0,0.0,0.0,0.0,0.0,0.0,0.0,0.0,0.0,0.0
2022-02-25T17:00:00-00:00,0.15,8.01,0.0,0.0,3.0,1.0,0.0,0.0,0.0,0.0,0.0,0.57647,2.0,0.0,0.0,0.0,0.0,0.0,0.0,0.0,0.0,0.0,0.0,0.0,0.0,0.0
2022-02-25T18:00:00-00:00,0.12,19.55644,0.0,0.0,3.0,1.0,0.0,0.0,0.0,0.0,0.0,0.0,3.23,0.0,0.0,0.0,0.0,0.0,0.0,0.0,0.0,0.0,0.0,0.0,0.0,0.0
2022-02-25T19:00:00-00:00,0.12,26.88755,0.0,0.0,3.0,1.0,0.0,0.0,0.0,0.0,0.0,0.0,3.23,0.0,0.0,0.0,0.0,0.0,0.0,0.0,0.0,0.0,0.0,0.0,0.0,0.0
2022-02-25T20:00:00-00:00,0.12,28.57863,0.0,0.0,2.5,0.38,0.0,0.0,0.0,0.0,0.0,0.0,3.73,0.62,0.0,0.0,0.0,0.0,0.0,0.0,0.0,0.0,0.0,0.0,0.0,0.0
2022-02-25T21:00:00-00:00,0.12,27.1761,0.0,0.0,2.66,0.38,0.0,0.0,0.0,0.0,0.0,0.0,3.57,0.62,0.0,0.0,0.0,0.0,0.0,0.0,0.0,0.0,0.0,0.0,0.0,0.0
2022-02-25T22:00:00-00:00,0.12,28.21509,0.0,0.0,3.7,0.38,0.0,0.0,0.0,0.0,0.0,0.0,3.34,0.62,0.0,0.0,0.0,0.0,0.0,0.0,0.0,0.0,0.0,0.0,0.0,0.0
2022-02-25T23:00:00-00:00,0.12,18.61536,0.0,0.0,4.81,1.0,0.0,0.0,0.0,0.0,0.0,0.0,2.23,0.0,0.0,0.0,0.0,0.0,0.0,0.0,0.0,0.0,0.0,0.0,0.0,0.0
2022-02-26T00:00:00-00:00,0.15,7.11638,0.01,0.0,4.90451,2.28432,0.0,0.0,0.0,0.0,0.0,2.87362,4.13549,0.0,0.0,0.0,0.0,0.0,0.0,0.0,0.0,0.0,0.0,0.0,0.0,0.0
2022-02-26T01:00:00-00:00,0.2,5.56,0.0,0.0,9.04,9.04,0.0,0.0,0.0,0.0,0.0,2.48,0.0,0.0,0.0,0.0,0.0,0.0,0.0,0.0,0.0,0.0,0.0,0.0,0.0,0.0
2022-02-26T02:00:00-00:00,1.0,4.57809,0.0,0.0,18.02233,18.02233,0.0,0.0,0.0,0.0,0.0,0.96191,9.438,9.438,0.0,0.0,0.0,0.0,0.0,0.0,0.0,0.0,0.0,0.0,0.0,0.0
2022-02-26T03:00:00-00:00,1.0,2.5,0.0,0.0,9.0,9.0,0.0,0.0,0.0,0.0,0.0,4.94,0.04,0.04,0.0,0.0,0.0,0.0,0.0,0.0,0.0,0.0,0.0,0.0,0.0,0.0
2022-02-26T04:00:00-00:00,1.0,0.0,3.00457,0.0,8.39488,8.39488,0.0,0.0,0.0,0.0,0.0,4.98543,0.64512,0.64512,0.0,0.0,0.0,0.0,0.0,0.0,0.0,0.0,0.0,0.0,0.0,0.0
2022-02-26T05:00:00-00:00,0.27,5.16088,0.39912,0.0,8.04,8.04,0.0,0.0,0.0,0.0,0.0,2.30567,0.0,0.0,0.0,0.0,0.0,0.0,0.0,0.0,0.0,0.0,0.0,0.0,0.0,0.0
2022-02-26T06:00:00-00:00,0.15,5.05,0.0,0.0,5.0,5.0,0.0,0.0,0.0,0.0,0.0,2.94,1.96093,0.0,0.0,0.0,0.0,0.0,0.0,0.0,0.0,0.0,0.0,0.0,0.0,0.0
2022-02-26T07:00:00-00:00,0.15,5.8,0.01,0.0,2.0,2.0,0.0,0.0,0.0,0.0,0.0,8.55538,4.23,0.0,0.0,0.0,0.0,0.0,0.0,0.0,0.0,0.0,0.0,0.0,0.0,0.0
2022-02-26T08:00:00-00:00,0.15,4.0,0.0,0.0,3.44033,3.0,0.0,0.0,0.0,0.0,0.0,4.0,0.55967,0.0,0.0,0.0,0.0,0.0,0.0,0.0,0.0,0.0,0.0,0.0,0.0,0.0
2022-02-26T09:00:00-00:00,0.15,4.0,0.0,0.0,2.0,2.0,0.0,0.0,0.0,0.0,0.0,2.0,2.21,0.0,0.0,0.0,0.31537,0.0,0.0,0.0,0.0,0.0,0.0,0.0,0.0,0.0
2022-02-26T10:00:00-00:00,0.15,4.0,0.0,0.0,2.0,2.0,0.0,0.0,0.0,0.0,0.0,1.0,1.94,0.0,0.0,0.0,0.0,0.0,0.0,0.0,0.0,0.0,0.0,0.0,0.0,0.0
2022-02-26T11:00:00-00:00,0.15,4.0,0.0,0.0,2.0,2.0,0.0,0.0,0.0,0.0,0.0,1.0,1.94,0.0,0.0,0.0,0.0,0.0,0.0,0.0,0.0,0.0,0.0,0.0,0.0,0.0
2022-02-26T12:00:00-00:00,0.15,4.0,0.0,0.0,2.0,2.0,0.0,0.0,0.0,0.0,0.0,5.0,1.94,0.0,0.0,0.0,0.0,0.0,0.0,0.0,0.0,0.0,0.0,0.0,0.0,0.0
2022-02-26T13:00:00-00:00,0.15,4.0,0.0,0.0,3.0,3.0,0.0,0.0,0.0,0.0,0.0,9.3714,1.21,0.0,0.0,0.0,0.0,0.0,0.0,0.0,0.0,0.0,0.0,0.0,0.0,0.0
2022-02-26T14:00:00-00:00,0.15,2.57,0.0,0.0,9.54,5.67,0.0,0.0,0.0,0.0,0.0,5.42,0.0,0.0,0.0,0.0,0.0,0.0,0.0,0.0,0.0,0.0,0.0,0.0,0.0,0.0
2022-02-26T15:00:00-00:00,0.15,1.76,0.01,0.0,4.0,2.91,0.0,0.0,0.0,0.0,0.0,17.45083,4.15,0.0,0.0,0.0,0.0,0.0,0.0,0.0,0.0,0.0,0.0,0.00343,0.0,0.0
2022-02-26T16:00:00-00:00,0.15,22.03486,0.0,0.0,3.01,1.17,0.0,0.0,0.0,0.0,0.0,0.0,1.99,0.0,0.0,0.0,0.0,0.0,0.0,0.0,0.0,0.0,0.0,0.0,0.0,0.0
2022-02-26T17:00:00-00:00,0.15,35.37653,0.0,0.0,2.79,0.95,0.0,0.0,0.0,0.0,0.05,0.0,1.42,0.05,0.0,0.0,1.49,0.0,0.0,0.0,0.0,0.0,0.0,0.0,0.0,0.0
2022-02-26T18:00:00-00:00,0.15,37.00178,0.0,0.0,2.67,1.5,0.0,0.0,0.0,0.0,0.0,0.0,1.54,0.0,0.0,0.0,0.79,0.0,0.0,0.0,0.0,0.0,0.0,0.0,0.0,0.0
2022-02-26T19:00:00-00:00,0.15,49.46985,0.0,0.0,2.5,1.5,0.0,0.0,0.0,0.0,0.0,0.0,1.71,0.0,0.0,0.0,1.78,0.0,0.0,0.0,0.0,0.0,0.0,0.0,0.0,0.0
2022-02-26T20:00:00-00:00,0.15,37.98482,0.0,0.0,3.0,1.16,0.0,0.0,0.0,0.0,0.05,14.47331,3.04,0.05,0.0,0.0,0.0,0.0,0.0,0.0,0.0,0.0,0.0,0.0,0.0,0.0
2022-02-26T21:00:00-00:00,0.15,37.77039,0.0,0.0,2.8418,1.0018,0.0,0.0,0.0,0.0,0.05,17.63227,3.1982,0.05,0.0,0.0,0.0,0.0,0.0,0.0,0.0,0.0,0.0,0.0,0.0,0.0
2022-02-26T22:00:00-00:00,0.15,37.28428,0.0,0.0,3.26068,1.42068,0.0,0.0,0.0,0.0,0.0,16.15913,3.77932,0.0,0.0,0.0,0.0,0.0,0.0,0.0,0.0,0.0,0.0,0.0,0.0,0.0
2022-02-26T23:00:00-00:00,0.15,40.83324,0.0,0.0,3.0,1.16,0.0,0.0,0.0,0.0,0.0,0.0,4.04,0.0,0.0,0.0,0.0,0.0,0.0,0.0,0.0,0.0,0.0,0.0,0.0,0.0
2022-02-27T00:00:00-00:00,0.15,3.98,0.0,0.0,3.09,1.5,0.0,0.0,0.0,0.0,0.0,15.36,5.95,0.0,0.0,0.0,0.0,0.0,0.0,0.0,0.0,0.0,0.0,0.0,0.0,0.0
2022-02-27T01:00:00-00:00,0.15,3.12657,0.0,0.0,7.54799,7.54799,0.0,0.0,0.0,0.0,0.0,4.86343,1.49201,0.0,0.0,0.0,0.0,0.0,0.0,0.0,0.0,0.0,0.0,0.0,0.0,0.0
2022-02-27T02:00:00-00:00,0.2,1.72518,0.01,0.0,12.0,12.0,0.0,0.0,0.0,0.0,0.0,3.66334,5.68774,5.4741,0.0,0.0,0.0,0.0,0.0,0.0,0.0,0.0,0.0,0.0,0.0,0.0
2022-02-27T03:00:00-00:00,0.2,2.0,0.0,0.0,7.04989,6.94989,0.0,0.0,0.0,0.0,0.0,5.04,1.99011,0.0,0.0,0.0,0.0,0.0,0.0,0.0,0.0,0.0,0.0,0.0,0.0,0.0
2022-02-27T04:00:00-00:00,0.2,2.0,0.0,0.0,8.43518,8.43518,0.0,0.0,0.0,0.0,0.0,7.58305,0.60482,0.0,0.0,0.0,0.0,0.0,0.0,0.0,0.0,0.0,0.0,0.0,0.0,0.0
2022-02-27T05:00:00-00:00,0.15,2.5,0.0,0.0,5.58319,4.76583,0.0,0.0,0.0,0.0,0.0,12.21031,0.0,0.0,0.0,0.0,0.0,0.0,0.0,0.0,0.0,0.0,0.0,0.0,0.0,0.0
2022-02-27T06:00:00-00:00,0.15,4.0,0.0,0.0,5.0,2.08811,0.0,0.0,0.0,0.0,0.0,8.99685,1.94,0.0,0.0,0.0,0.0,0.0,0.0,0.0,0.0,0.0,0.0,0.0,0.0,0.0
2022-02-27T07:00:00-00:00,0.15,4.03,0.0,0.0,6.14,5.0,0.0,0.0,0.0,0.0,0.0,4.97,0.0,0.0,0.0,0.0,0.0,0.0,0.0,0.0,0.0,0.0,0.0,0.0,0.0,0.0
2022-02-27T08:00:00-00:00,0.15,3.9719,0.0,0.0,3.97817,2.91,0.0,0.0,0.0,0.0,0.0,5.0281,0.0,0.0,0.0,0.0,0.0,0.0,0.0,0.0,0.0,0.0,0.0,0.0,0.0,0.0
2022-02-27T09:00:00-00:00,0.15,3.75,0.0,0.0,2.01,1.80973,0.0,0.0,0.0,0.0,0.0,4.53047,6.31738,0.0,0.0,0.0,0.0,0.0,0.0,0.0,0.0,0.0,0.0,0.0,0.0,0.0
2022-02-27T10:00:00-00:00,0.15,4.05972,0.0,0.0,2.0,1.5,0.0,0.0,0.0,0.0,0.0,3.93028,5.23141,0.0,0.0,0.0,0.0,0.0,0.0,0.0,0.0,0.0,0.0,0.0,0.0,0.0
2022-02-27T11:00:00-00:00,0.15,4.04714,0.0,0.0,2.0,1.5,0.0,0.0,0.0,0.0,0.0,0.95286,5.03027,0.0,0.0,0.0,0.0,0.0,0.0,0.0,0.0,0.0,0.0,0.0,0.0,0.0
2022-02-27T12:00:00-00:00,0.15,4.70673,0.0,0.0,2.0,2.0,0.0,0.0,0.0,0.0,0.0,4.29327,1.94,0.0,0.0,0.0,0.0,0.0,0.0,0.0,0.0,0.0,0.0,0.0,0.0,0.0
2022-02-27T13:00:00-00:00,0.15,5.0,0.0,0.0,3.94,3.94,0.0,0.0,0.0,0.0,0.0,15.0,0.0,0.0,0.0,0.0,0.0,0.0,0.0,0.0,0.0,0.0,0.0,0.0,0.0,0.0
2022-02-27T14:00:00-00:00,0.15,2.5,0.0,0.0,6.41354,6.41354,0.0,0.0,0.0,0.0,0.0,28.0,3.92646,3.92646,0.0,0.0,0.0,0.0,0.0,0.0,0.0,0.0,0.0,0.0,0.0,0.0
2022-02-27T15:00:00-00:00,0.15,2.06,0.01,0.0,3.0,0.15,0.0,0.0,0.0,0.0,0.0,41.99804,3.24,0.85,0.0,0.0,0.0,0.0,0.0,0.0,0.0,0.0,0.0,0.0,0.0,0.0
2022-02-27T16:00:00-00:00,0.15,45.52439,0.0,0.0,5.74,1.0,0.0,0.0,0.0,0.0,0.0,5.66038,0.0,0.0,0.0,0.0,0.0,0.0,0.0,0.0,0.0,0.0,0.0,0.0,0.0,0.0
2022-02-27T17:00:00-00:00,0.15,39.62545,0.0,0.0,3.29166,1.37166,0.0,0.0,0.0,0.0,0.0,64.08449,0.74834,0.0,0.0,0.0,0.0,0.0,0.0,0.0,0.0,0.0,0.0,0.0,0.0,0.0
2022-02-27T18:00:00-00:00,0.15,41.8817,0.0,0.0,3.01,1.09,0.0,0.0,0.0,0.0,0.0,68.56477,1.03,0.0,0.0,0.0,0.0,0.0,0.0,0.0,0.0,0.0,0.0,0.0,0.0,0.0
2022-02-27T19:00:00-00:00,0.15,42.90215,0.0,0.0,3.22,1.3,0.0,0.0,0.0,0.0,0.0,71.9368,0.82,0.0,0.0,0.0,0.0,0.0,0.0,0.0,0.0,0.0,0.0,0.0,0.0,0.0
2022-02-27T20:00:00-00:00,0.15,42.55804,0.0,0.0,3.42,1.5,0.0,0.0,0.0,0.0,0.0,68.25575,2.62,0.0,0.0,0.0,0.0,0.0,0.0,0.0,0.0,0.0,0.0,0.0,0.0,0.0
2022-02-27T21:00:00-00:00,0.15,41.00768,0.0,0.0,3.42,1.5,0.0,0.0,0.0,0.0,0.0,76.74437,2.62,0.0,0.0,0.0,0.0,0.0,0.0,0.0,0.0,0.0,0.0,0.0,0.0,0.0
2022-02-27T22:00:00-00:00,0.15,49.88596,0.0,0.0,4.01,0.15,0.0,0.0,0.0,0.0,0.0,65.92406,3.06487,0.85,0.0,0.0,0.0,0.0,0.0,0.0,0.0,0.0,0.0,0.0,0.0,0.0
2022-02-27T23:00:00-00:00,0.15,25.47381,0.0,0.0,7.04,1.0,0.0,0.0,0.0,0.0,0.0,39.65753,0.0,0.0,0.0,0.0,0.0,0.0,0.0,0.0,0.0,0.0,0.0,0.0,0.0,0.0
2022-02-28T00:00:00-00:00,0.15,4.0,0.0,0.0,4.40054,2.91,0.0,0.0,0.0,0.0,0.0,24.60192,4.63946,0.0,0.0,0.0,0.0,0.0,0.0,0.0,0.0,0.0,0.0,0.0,0.0,0.0
2022-02-28T01:00:00-00:00,0.15,3.0,0.0,0.0,9.23456,9.23456,0.0,0.0,0.0,0.0,0.0,20.0,0.80544,0.80544,0.0,0.0,0.0,0.0,0.0,0.0,0.0,0.0,0.0,0.0,0.0,0.0
2022-02-28T02:00:00-00:00,0.15,4.05,0.0,0.0,19.40873,19.40873,0.0,0.0,0.0,0.0,0.0,3.94,8.67869,8.67869,0.0,0.0,0.0,0.0,0.0,0.0,0.0,0.0,0.0,0.0,0.0,0.0
2022-02-28T03:00:00-00:00,0.15,3.21726,0.0,0.0,9.1,9.0,0.0,0.0,0.0,0.0,0.0,4.77274,0.0,0.0,0.0,0.0,0.0,0.0,0.0,0.0,0.0,0.0,0.0,0.0,0.0,0.0
2022-02-28T04:00:00-00:00,0.15,3.62148,0.0,0.0,9.04,9.04,0.0,0.0,0.0,0.0,0.0,62.70949,0.0,0.0,0.0,0.0,0.0,0.0,0.0,0.0,0.0,0.0,0.0,0.0,0.0,0.0
2022-02-28T05:00:00-00:00,0.15,3.0,0.0,0.0,7.04,7.04,0.0,0.0,0.0,0.0,0.0,18.0,0.0,0.0,0.0,0.0,0.0,0.0,0.0,0.0,0.0,0.0,0.0,0.0,0.0,0.0
2022-02-28T06:00:00-00:00,0.15,3.5,0.0,0.0,5.99,4.20916,0.0,0.0,0.0,0.0,0.0,10.5,0.0,0.0,0.0,0.0,0.0,0.0,0.0,0.0,0.0,0.0,0.0,0.0,0.0,0.0
2022-02-28T07:00:00-00:00,0.15,4.2,0.0,0.0,5.79869,3.47869,0.0,0.0,0.0,0.0,0.0,19.06962,1.24131,0.0,0.0,0.0,0.0,0.0,0.0,0.0,0.0,0.0,0.0,0.0,0.0,0.0
2022-02-28T08:00:00-00:00,0.15,3.29,0.0,0.0,2.5,1.5,0.0,0.0,0.0,0.0,0.0,7.71,1.44,0.0,0.0,0.0,0.0,0.0,0.0,0.0,0.0,0.0,0.0,0.0,0.0,0.0
2022-02-28T09:00:00-00:00,0.15,3.29,0.0,0.0,2.0,1.5,0.0,0.0,0.0,0.0,0.0,8.43663,1.94,0.0,0.0,0.0,0.0,0.0,0.0,0.0,0.0,0.0,0.0,0.0,0.0,0.0
2022-02-28T10:00:00-00:00,0.15,3.29,0.0,0.0,2.0,1.5,0.0,0.0,0.0,0.0,0.0,3.83023,1.94,0.0,0.0,0.0,0.0,0.0,0.0,0.0,0.0,0.0,0.0,0.0,0.0,0.0
2022-02-28T11:00:00-00:00,0.15,3.0,0.0,0.0,2.0,1.5,0.0,0.0,0.0,0.0,0.0,4.29155,1.94,0.0,0.0,0.0,0.0,0.0,0.0,0.0,0.0,0.0,0.0,0.0,0.0,0.0
2022-02-28T12:00:00-00:00,0.15,3.9,0.0,0.0,2.0,1.5,0.0,0.0,0.0,0.0,0.0,20.05974,1.94,0.0,0.0,0.0,0.0,0.0,0.0,0.0,0.0,0.0,0.0,0.0,0.0,0.0
2022-02-28T13:00:00-00:00,0.15,3.9,0.0,0.0,4.0,4.0,0.0,0.0,0.0,0.0,0.0,4.09,0.0,0.0,0.0,0.0,0.0,0.0,0.0,0.0,0.0,0.0,0.0,0.0,0.0,0.0
2022-02-28T14:00:00-00:00,0.15,2.0,0.0,0.0,12.01,12.01,0.0,0.0,0.0,0.0,0.0,5.34,17.56938,12.23991,0.0,0.0,0.0,0.0,0.0,0.0,0.0,0.0,0.0,0.0,0.0,0.0
2022-02-28T15:00:00-00:00,0.12,3.94996,0.0,0.0,6.75515,3.97515,0.0,0.0,0.0,0.0,0.0,9.51088,1.28485,0.0,0.0,0.0,0.0,0.0,0.0,0.0,0.0,0.0,0.0,0.0,0.0,0.0
2022-02-28T16:00:00-00:00,0.12,10.0,0.0,0.0,4.74,1.5,0.0,0.0,0.0,0.0,0.0,3.37741,0.0,0.0,0.0,0.0,0.0,0.0,0.0,0.0,0.0,0.0,0.0,0.0,0.0,0.0
2022-02-28T17:00:00-00:00,0.15,19.83258,0.0,0.0,4.04,2.83522,0.0,0.0,0.0,0.0,0.0,2.40359,0.0,0.0,0.0,0.0,0.0,0.0,0.0,0.0,0.0,0.0,0.0,0.0,0.0,0.0
2022-02-28T18:00:00-00:00,0.15,24.05066,0.0,0.0,3.01,1.5,0.0,0.0,0.0,0.0,0.0,0.0,1.03,0.0,0.0,0.0,0.0,0.0,0.0,0.0,0.0,0.0,0.0,0.0,0.0,0.0
2022-02-28T19:00:00-00:00,0.15,26.80702,0.0,0.0,3.04484,2.91,0.0,0.0,0.0,0.0,0.0,3.75546,0.99516,0.0,0.0,0.0,0.0,0.0,0.0,0.0,0.0,0.0,0.0,0.0,0.0,0.0
2022-02-28T20:00:00-00:00,0.15,12.94,0.0,0.0,3.21,1.5,0.0,0.0,0.0,0.0,0.0,15.0312,2.3009,0.0,0.0,0.0,0.0,0.0,0.0,0.0,0.0,0.0,0.0,0.0,0.0,0.0
2022-02-28T21:00:00-00:00,0.15,24.60458,0.0,0.0,3.21,1.5,0.0,0.0,0.0,0.0,0.0,5.07639,2.3009,0.0,0.0,0.0,0.0,0.0,0.0,0.0,0.0,0.0,0.0,0.0,0.0,0.0
2022-02-28T22:00:00-00:00,0.15,20.78767,0.0,0.0,4.62,2.91,0.0,0.0,0.0,0.0,0.0,18.8594,2.33163,0.0,0.0,0.0,0.0,0.0,0.0,0.0,0.0,0.0,0.0,0.0,0.0,0.0
2022-02-28T23:00:00-00:00,0.12,21.71847,0.0,0.0,3.21,1.5,0.0,0.0,0.0,0.0,0.0,0.0,2.3009,0.0,0.0,0.0,0.0,0.0,0.0,0.0,0.0,0.0,0.0,0.0,0.0,0.0
2022-03-01T00:00:00-00:00,0.15,9.03674,0.0,0.0,5.0,5.0,0.0,0.0,0.0,0.0,0.0,4.83852,3.38455,0.0,0.0,0.0,0.0,0.0,0.0,0.0,0.0,0.0,0.0,0.0,0.0,0.0
2022-03-01T01:00:00-00:00,0.15,4.43,0.0,0.0,12.14131,12.14131,0.0,0.0,0.0,0.0,0.0,5.22677,0.0,0.0,0.0,0.0,0.0,0.0,0.0,0.0,1.66302,0.0,0.0,0.0,0.0,0.0
2022-03-01T02:00:00-00:00,0.15,3.98,0.0,0.0,21.28457,21.18457,0.0,0.0,0.0,0.0,0.0,1.46,4.83077,4.83077,0.0,0.0,0.0,0.0,0.0,0.0,0.0,0.0,0.0,0.0,0.0,0.0
2022-03-01T03:00:00-00:00,0.15,2.0,0.0,0.0,13.49848,13.39848,0.0,0.0,0.0,0.0,0.0,5.04,0.54425,0.54425,0.0,0.0,0.0,0.0,0.0,0.0,0.0,0.0,0.0,0.0,0.0,0.0
2022-03-01T04:00:00-00:00,0.15,2.16361,0.0,0.0,9.0,9.0,0.0,0.0,0.0,0.0,0.0,5.82639,0.04,0.04,0.0,0.0,0.0,0.0,0.0,0.0,0.0,0.0,0.0,0.0,0.0,0.0
2022-03-01T05:00:00-00:00,0.15,2.2,0.0,0.0,6.0,6.0,0.0,0.0,0.0,0.0,0.0,5.79,0.0,0.0,0.0,0.0,0.0,0.0,0.0,0.0,0.0,0.0,0.0,0.0,0.0,0.0
2022-03-01T06:00:00-00:00,0.15,2.5,0.0,0.0,6.02,5.0,0.0,0.0,0.0,0.0,0.0,9.58634,0.0,0.0,0.0,0.0,0.0,0.0,0.0,0.0,0.0,0.0,0.0,0.0,0.0,0.0
2022-03-01T07:00:00-00:00,0.15,3.9,0.0,0.0,6.02,5.0,0.0,0.0,0.0,0.0,0.0,9.19054,0.0,0.0,0.0,0.0,0.0,0.0,0.0,0.0,0.0,0.0,0.0,0.0,0.0,0.0
